package	path	bytes	sha256
codemods	index.d.ts	1553	eb8609853e7330366fc78b74e96b306065b6ae1b2a9f5af7e48f299ed275b9d2
codemods	index.js	1312	a23290ba676aa5b3899e6c592fef53e03caf49e0759d2555edcf640d733a29b0
codemods	index.js.map	797	927bf6281854ed560ec876c7c2126a4e52dd44d85038a9f48e635c7aabc01268
codemods	runner.d.ts	2051	d72947d87af48e5beeb04910d4bd2cab1df43498c41d03f0fd83298359364160
codemods	runner.js	5646	e8b413a12dae7cf51361961297207e0a45d37cbad1bee7ca98d9fd1e25104d1c
codemods	runner.js.map	4607	df58b40f733cfada31e7ccf0293452c393dfcf18f81dc281b521cda82b9c7aa9
codemods	transforms/__tests__/rename-components.spec.d.ts	174	86ad3a6fc29d2802031e3fe0773cbbd8eff780b63c7aef0c59ffb8facf09983a
codemods	transforms/__tests__/rename-components.spec.js	9707	c0caca18628437772e1e918c8beda8b425ba8daac45f61d2030ac047b9f01591
codemods	transforms/__tests__/rename-components.spec.js.map	7398	f2c5ef8a32892649104e1b36d5a015c9a6e4c9c0ca23934371d8b6b6fd7fdf1c
codemods	transforms/__tests__/rename-events.spec.d.ts	165	08b0a0ece229b96d716fc2a3d43080e983efd29e6e9fde0e7f3ace3887567811
codemods	transforms/__tests__/rename-events.spec.js	4660	de3bd03372bd38369334eb9afda3ccb4947ec6ce06467e167708cf8bd9dcd62d
codemods	transforms/__tests__/rename-events.spec.js.map	3310	0725c9ae0f79af067d91aae7a5b6d721b47685557f5c9bc40f706fefdd4a46e2
codemods	transforms/__tests__/rename-imports.spec.d.ts	222	e007347f91a4dd3fd04d5dceb5f9c1438b8c0a7b5f658c4e106da1a3a985a6a9
codemods	transforms/__tests__/rename-imports.spec.js	4703	54c47c239f4823b51f2372b9235dbebaf88951045a87b8b4b80e84b344dbffef
codemods	transforms/__tests__/rename-imports.spec.js.map	3602	7622248abf1ebd02edcb50f4a15cd991fbac74d3f2e68bfa8ad355d54c4530af
codemods	transforms/__tests__/rename-props.spec.d.ts	174	6078a93ab8d735dc45ffe882004aa545ddd5c51045bad8427df33b460901370d
codemods	transforms/__tests__/rename-props.spec.js	9701	7d8582d27656103c44c53e8cb6caa1051ce5043aedb688b94a47338e67b5ca50
codemods	transforms/__tests__/rename-props.spec.js.map	6525	b0f409f51a291122f30bf6073c34728a2de855da75be7acaad1f79c5c577582f
codemods	transforms/__tests__/rename-slots.spec.d.ts	158	0dc276dd1370f7091bc6ce4046e9fb736c7a003824c374a0e2fdecf6fadbd778
codemods	transforms/__tests__/rename-slots.spec.js	12541	b5782dd454f6a320ba267c5cd36eaa5f53ce2837f558db0ee965d21c87903560
codemods	transforms/__tests__/rename-slots.spec.js.map	8706	181e33d88088c247a9e810f40163c19d03fdfe39d1a93317f74803b4a592b446
codemods	transforms/__tests__/story-color-tokens.spec.d.ts	271	8e48dc36d93f6017cc80b1d1f96f9cc4db46e2572ca332ee6c70fac6bb08efc1
codemods	transforms/__tests__/story-color-tokens.spec.js	9452	898edd3d73627c73f75ca8ab2d11777e1c2c7fdc03d2d43887211c77b6560ad7
codemods	transforms/__tests__/story-color-tokens.spec.js.map	6977	8f012db95f96a87b19a96866804f75804d40e115f31c252b85b027dcd13301cb
codemods	transforms/rename-components.d.ts	1326	609352ded6f419d04a23cd7dbc9bab06437379cc969d45bee3fdafefeb7ee7dd
codemods	transforms/rename-components.js	5197	6f622cd2030bb15ba4087731e5195a81ecb5b6281d4a65da728433109affda26
codemods	transforms/rename-components.js.map	3507	cac7d4363db5d141c164ee17bc4144e318d4de8e4ebd561afdfe81d52560b61e
codemods	transforms/rename-events.d.ts	970	3aaa70cc575e8e38fcdde6de155f81ba97f2500d404c8435344f57be5639a5ce
codemods	transforms/rename-events.js	4830	a652971ae3dcdf75c3b0f655dfe2ba9d6df8b3a78dadeb99b6bdce9a132045b2
codemods	transforms/rename-events.js.map	3211	b3aad8e9e5f6776e402f507e4268fda0a98edb414a4ed2a86051a4a2346d3395
codemods	transforms/rename-imports.d.ts	966	ab4ddae03e7341996b2158c96003369b33f67611a2ecceea94fead0160ad4c54
codemods	transforms/rename-imports.js	4415	adbcbaaed8476d2c7767f6bf5ef6dabf51c51725d49110a54f0738f195f2508b
codemods	transforms/rename-imports.js.map	2988	8b342f230ea59a9c008dde3139e916a5f6ebcba15f305df0080ee8c3b546b49d
codemods	transforms/rename-props.d.ts	1158	d59902e9e9f7c8a1f48c8cf733fc9838e0e7746db360727df275102b63fb32e9
codemods	transforms/rename-props.js	9481	721d35c7aea592910115e2b748863c06b378fc7edee9ab4f189941801c8ee1cc
codemods	transforms/rename-props.js.map	6013	b9d5cf40803672d76b9c671d90cb964dd07104215cefaff7974fac50a8b051a9
codemods	transforms/rename-slots.d.ts	1536	1fa189817934215cabc0cc39de8dea196efa658b890b07212abfa8cc52259478
codemods	transforms/rename-slots.js	7079	92e94b213530c89f9a70cb2eb57dcfcbb535e84977b65971414d490362d12508
codemods	transforms/rename-slots.js.map	4575	9b2bf054fa9f084350cc83461806670ee3e483f2f7af9fc4cc40e7b2bd8ab174
codemods	transforms/story-color-tokens.d.ts	5542	2325d0679750b99412952067ff3bcd7a0c6165644b2087c48e1cedc374d793de
codemods	transforms/story-color-tokens.js	18833	c3c7c658958eef108e482ce81b4caeed18e5a81dbd0d3af815b681ab91403303
codemods	transforms/story-color-tokens.js.map	11316	bb631c290f09e52a56ac0cdcf9530777422ee2b3c2279eff9c16e9ef342be20f
codemods	utils/logger.d.ts	726	739e9d9f51e0cc34b5ae46f9f44a7156645a4fe1b1c6a311e8596f016228e91e
codemods	utils/logger.js	1648	ac8b669aa0d2686eeaad375666697a69ff0cdb17f80f1e7ede267c80142ead50
codemods	utils/logger.js.map	1607	2be527a9e865173e9a23d4cab1254aa8c7c6776966d8211db5ece593a011d904
codemods	utils/vue-sfc.d.ts	1280	04f80575ece72ed5ec164d1470c87e658557717f8983157ae66ab4f94a935a9c
codemods	utils/vue-sfc.js	1491	8b7865b5f113aa32194ea2860b84908f26c6a02531b9c3ac71cb671cc7172d79
codemods	utils/vue-sfc.js.map	1054	ebad62e3d94c21e5fa773708def38aca9c8f76ee52b7ef68db3290e43a1fdb24
codemods	utils/vue-template.d.ts	6090	1dfc0f9831e93aabc2dd7166bdb9e652773dc1c8433ffe36a60d0777b98102ad
codemods	utils/vue-template.js	9394	782e9b30d3596769100eec691e2f816e5fb99e620683cdb027381a875ce2c574
codemods	utils/vue-template.js.map	6398	bb9174ab6f66c8e23584c6dcfc56d8fa6d80658e528c86bbf3dc18f91ecf334e
compat	adapter-types.d.ts	6908	5e69c7fdeb6c7ad86962f9fdfff8630046269e0c7d083941408ef995d8e459e0
compat	adapters/DzAccordionCompat.vue.d.ts	1182	d94068814002ab7edb56ede06a19dc2dd9d86afc39d4bdea2586ad10947dda80
compat	adapters/DzAccordionCompat.vue.js	2469	20330b41e411179aa1bce5f42d704cf9822da5c17aa4363f395628af46b39fb2
compat	adapters/DzAccordionCompat.vue2.js	71	8510faea2eec4bae76676962d21815d45c8ef92e9d516ee6e109245f74ead81b
compat	adapters/DzAlertCompat.vue.d.ts	751	5c3d4d134e32144597cc68783e26ed710b436876308306da28c6a6b7cbd46021
compat	adapters/DzAlertCompat.vue.js	1525	e7ca143ac54bb4278d279e4abc8d6c7051da0d90aa716d2ce714886fc99e7885
compat	adapters/DzAlertCompat.vue2.js	67	962c74b3210ba88d6263d84f86dceafe4b0ea3d1cbf630ca8f567e8ea6179573
compat	adapters/DzButtonCompat.vue.d.ts	1005	29641ff341ccce0f5210f6045a666922ba4b13471e5ddbbc2a8535347d80746c
compat	adapters/DzButtonCompat.vue.js	1975	54bbc0e8294362870140cd0f49b9a363840e514eafb995259438a1ece1785b05
compat	adapters/DzButtonCompat.vue2.js	68	1ac1f0450e72913f5858c65630fdbf5893d2b65b5a33db62dd478be43fce3913
compat	adapters/DzCheckboxCompat.vue.d.ts	1201	a8a1e3df0ecb0097f68d5ea7eeed16922bc0caa73c25ad48c0bb10c97f0c94bb
compat	adapters/DzCheckboxCompat.vue.js	1792	3782b324b1a5c2ee77c44db9080e20d7a11e774e35208c941006a5e0dbefa886
compat	adapters/DzCheckboxCompat.vue2.js	70	a61e14b2e1daff58cc3fc6342e11cb8e288aa1f4b428b0021b5cf151cbdb1601
compat	adapters/DzDialogCompat.vue.d.ts	1353	41b2c07cd37729b4a0c397f0c3ab3c15183a2958b8b2ff00f833887ba695df51
compat	adapters/DzDialogCompat.vue.js	2093	42b0c3f403d3ae7cb617156a8a6175fe5e78237c4a090d8b01a40e7fc281d3a5
compat	adapters/DzDialogCompat.vue2.js	68	dcee241b6e2c1ebdd6bb0c605693bb69b0b89731543bb77701625a1fe2e14b46
compat	adapters/DzInputCompat.vue.d.ts	1572	23397ffeb9786e28fd3e2881f862ceb115240ea7d5f391b7dd3afe3d67dba37a
compat	adapters/DzInputCompat.vue.js	2025	50150ea1fa3f416f245084f67d282083c00c9dcb1a39d2d6943d530af5910504
compat	adapters/DzInputCompat.vue2.js	67	53bf185556f8c44b6c258e0e5ef59664374451902b3f5037534f061c9791641c
compat	adapters/DzRadioCompat.vue.d.ts	1237	005a33bd911edae455aa2526d5c2fe7f852267529de4cae43a61a06d32d172d0
compat	adapters/DzRadioCompat.vue.js	2021	046967f499eb8b242c304731e1d870998e932c82cccb386ade8d722a8c1e7b78
compat	adapters/DzRadioCompat.vue2.js	67	586c95c44e848629d1d97a157f36cf18867de8e11c9a9aab10dbdcaa5e9acc09
compat	adapters/DzSelectCompat.vue.d.ts	1663	b4999f6cc60da06ce7bbe2483aff515eceed3834b23739c91d268c61078804b0
compat	adapters/DzSelectCompat.vue.js	2161	9643b28936d15ff0380c76a575e687155e793fd2f1b75f455fb9b287f8adcab3
compat	adapters/DzSelectCompat.vue2.js	68	edc2b9d89cdbfd9f09ec021bd4072d7f61676ec06f47db53563a14a586ee6598
compat	adapters/DzSwitchCompat.vue.d.ts	1472	e50308d9fe4c064f95783afa11bd7aad8b568437e1646e9bf7d86ed944578b86
compat	adapters/DzSwitchCompat.vue.js	1765	361258b1097af25c5c67cc8d572b9b038ef58f34ee34d4e9ec3f076753464781
compat	adapters/DzSwitchCompat.vue2.js	68	43d31d02ed328d1a1955c16e88ff08a8e3e1a39eb718c5daca188bdb6156a5ae
compat	adapters/DzTabsCompat.vue.d.ts	1256	97aac1613691d71d0070578927b74c80d7279ea6a6d2fb8f8c4e78febf7432cc
compat	adapters/DzTabsCompat.vue.js	2389	73e94d9e4de490cf98618138f4dc8fbb7e7cb876f0c10a94ac45c0138c347da0
compat	adapters/DzTabsCompat.vue2.js	66	720ae5fb426adfb5e96f0ddc42a993de9713358a15a3e529cc96dd989aaffe0c
compat	adapters/DzTooltipCompat.vue.d.ts	968	09f7aeb3ad4661308fd64a2c6d09db73f42db5eaff15a520bb4814279f29de22
compat	adapters/DzTooltipCompat.vue.js	1800	1b940b9a6c5124f83d53e321efee0b0575250a42c1650ee48c3590bf7b1b76a0
compat	adapters/DzTooltipCompat.vue2.js	69	5ffbb7440da27a72d9b3ebf6fa0e232f85746e2bfad47c291ce19377a75e91af
compat	index.d.ts	1630	a6dc39e1a34353266737e1eb424afd2636770198f6f5a18875e9b8c522c267d9
compat	index.js	1130	fb7d1cc96f4952aabcc508dff6eb1c833fa293978df090d4d49bb4131a76d15d
compat	utils/deprecation.d.ts	773	4995de9b86055d2ad762edf3a94fb1dce397f41af6422a922f5a7252533884e4
compat	utils/deprecation.js	176	c69168e1b5fae34e98f0bd096ff3d0dcecbabd65d69d3915e183bb30bf4ae535
contracts	anatomy.types.d.ts	20874	39656dde8a96cd4cc0ab949bb4c21a08fdec3ff405403ade77d4bb96ca4f2a75
contracts	anatomy.types.js	7498	6d62c2b3d6b345cd11e6c7a9d3b3383bbaf01af6ef2bff2d5a7f77d898674ba5
contracts	anatomy.types.js.map	1908	44097e7ab46f924e8ee7bc43980fbdc93395449b0613f1c8c7b05803f146602c
contracts	as-child-allowlist.d.ts	5851	8f6678c07452cba98a65316de7d10ed776d7cbdfb55bd3d8a51746dfdd984487
contracts	as-child-allowlist.js	6941	7f7f75012759e6a1e96792dd9ead8495a2adb497b7b568b0209d06534a053558
contracts	as-child-allowlist.js.map	1973	cdb8f7047e5a1dbda96254f738074d4066509eab9e949813a823f254c3477ebd
contracts	async-options.types.d.ts	5823	8b56d9b15a55301296bee3cc3086321a7558302b2d56e2f986939d19c84d37e1
contracts	async-options.types.js	1107	8e38d48bce1cf97be6fa12b3c00db0b32ba2301686ba2fccc204396780a6e012
contracts	async-options.types.js.map	158	b16cdd26afcb7d39a56dd6e6170062b72975fc08082050f2bab90a37d2ed38e5
contracts	canonical.types.d.ts	2516	a04cc459fb873346b0fddd26eb7e391f2140df14af733d1e1dece11d36a007be
contracts	canonical.types.js	218	43d8c82cdf9da00d0dc91409ac415621876fc7e16873fe9859fbe1af739bdff0
contracts	canonical.types.js.map	135	94e932722d11f07f67b0f70573f84315bdba9f8a85e5cf57189f4b2b888f8d08
contracts	composition.types.d.ts	5661	f9c4cea9d2911d258edf80bcc921bb652c7e2c0568a990cd8051512a2cc6b0d4
contracts	composition.types.js	5415	57686af5ee4ab523c4c72d07687c1a2a2fa82bb50a6a7e56fcd487b38db2a7a3
contracts	composition.types.js.map	496	c8ee079a9a969d9159c7ab1698ff3a43ed1ecf75ab4050a0cceea9e9ec258677
contracts	compound.types.d.ts	1540	f91c55b221007570080f4acf59ab42193990557eb572331374972d4bcc6657e0
contracts	compound.types.js	454	5352a53bc9d7af401bf3fef1544a67a820bfe8405e22c1c2048f529708612c87
contracts	compound.types.js.map	140	77f6ae6271e774fe3a5a71e599cfbbd16c405abb6088a6505ac432e44cca439c
contracts	data-attributes.types.d.ts	2406	aee1854aa3e920b0d7999dbbc35f73f4303d5f5a790bbd54283b1153904ab518
contracts	data-attributes.types.js	297	82979bc86c4e546ff892ec2ef690bf3b16ca38e45e89d8931c04b110c7c97723
contracts	data-attributes.types.js.map	149	62248f5f9387b773987178e563f834b1978031e6c6ebf177103edbb09b0f2534
contracts	events.types.d.ts	1999	921977b3639338008a48b709f4188b2a34b20f8ba229fefcbafce1163be099dd
contracts	events.types.js	347	722eb54407e214448f97de17c1d2eca63575578a78afaf8fe4593d1f4cc8b175
contracts	events.types.js.map	132	f3d9afb896251fb47777195221b61fc301c2196b1171367d8430829b71bad3d5
contracts	form-value.d.ts	7574	0685e45de66f3c06d6dac680f8f5524225217bb9d53aa438c1675f4157344ab3
contracts	form-value.js	10781	670092f560a2e5d35f15d01f7f8183793eec24bb23178dca40f9eb1d6223ddae
contracts	form-value.js.map	5430	23d65e1f2ee91170a4b671e880ddd3c3a0843257912094bc31b3babbedb4e3d7
contracts	index.d.ts	4089	638157d534e89e714a095be795cf6c6c3106df5c53808591de9eccc8e01a8d8c
contracts	index.js	2552	93af7b4a73da1d4a314f725fee493eb0eca366efea365c1bd6ac2591743e8fb3
contracts	index.js.map	1025	a02be62d69b9d990a8a35b25996979891d915a860efa98e6928f4f4dd37fc5da
contracts	props.types.d.ts	3541	bb8f0239548d6c750919000444151cb2479d355b14563b7bfcffbca4f2c12cb3
contracts	props.types.js	370	89ef7c9423c5f9d0fb99c41257b696c13b0effd3e9bd0ab761d9db5bf4a88b6a
contracts	props.types.js.map	130	ad5cf31de3bc5b7c6e7b43febd676fdaf0d5a04df92309e18419045ffbe83673
contracts	provider.types.d.ts	22325	bf69d8a961c482a0dde6fe9d7a5d34aaed221130096a413b6214004d6bb2d1fb
contracts	provider.types.js	4733	ab736d7ac29d31ad19ea04d0931ae5f32afcf4d984cbac72c29fd0eabb6bdbbe
contracts	provider.types.js.map	1854	cfbe5619a386495a0fa3dc40acde9bbc32e8800911c9192ceb579b5ca79758a1
contracts	quality-tiers.d.ts	17765	ad631d3ea836eb303e545bb1d92572c70adf22eab780e61f3d42631c48062ab8
contracts	quality-tiers.js	11126	e7432566c3dbf2c3cdb19eee8a43f4b4f1dab7e4bcebcf86cc2166272cbd3b0d
contracts	quality-tiers.js.map	7828	0808db57c725d435fdf5d2353cb65a4f5a9233cdccbf9267399f2830686462da
contracts	slots.types.d.ts	1727	11fd60f56c6b093c6bd9755f5e97058be780f93571f62a305a95563365788a59
contracts	slots.types.js	276	8d7ea42d3b9ace781e0a6cb80e8d22da4bf4935cdb86958ee6336884a53845ef
contracts	slots.types.js.map	129	60ce58109bda15e31c15f248ba05e37a9a60349df8114531babac1f35206417a
contracts	utility.types.d.ts	1774	042cdf9627d9e06d947378cdd0472befc3619812fefe8603b824006ae701ca58
contracts	utility.types.js	709	270961b4f1e151dfd97812afe12d6721366eb9faaac4ef249c375c8e9d2b5e3b
contracts	utility.types.js.map	299	50df88d1555caaa2e9cf38100e6053fc1b59c5135dc079bc84313cdfe7215ab5
core	components/buttons/DzButton.anatomy.d.ts	5711	23026be06e2337fd2efeadaf21a4c157218bd13adaac35cab4b896005771f89e
core	components/buttons/DzButton.tokens.d.ts	4432	6d646f999498bd3c333d2613348f7a0fa2f2e12ed6549c177709c713783666f6
core	components/buttons/DzButton.types.d.ts	2406	5f19a91557929f3017aa38b2857f6fdd404dc404463778c0b4f2c70cdf1badec
core	components/buttons/DzButton.variants.d.ts	3622	b793a0a13dab7c5f112c4efe384753ed17e848f1799b2b555d073e4cc9c26eea
core	components/buttons/DzButton.variants.js	6320	2e192d77039f16b39d7f8e99334a95f013ad9c42589e89150fe1fb1a748ef893
core	components/buttons/DzButton.vue.d.ts	1526	44ab41be897367792a36f016ab8f286ad378d9ee0af1194c9463c59a9fcd8cfe
core	components/buttons/DzButton.vue.js	5092	d58fec55cec4469eca0f57fb0ed7856f8ea33a5a7a29d608506120b9d3b6aa2c
core	components/buttons/DzButton.vue2.js	62	718a2b3f970caaf3f0d148382a4fc53a8cb8b2b21db8973505c234f2d133b857
core	components/buttons/DzButtonGroup.anatomy.d.ts	1953	088e7a766f144feb83550ebb35d8927a99830f87584aa65a6c07ca42233dbfda
core	components/buttons/DzButtonGroup.tokens.d.ts	712	dfce3a4e43468854999a7ef0fd1c06436c3c1f3df2658a8478cf0b801018f551
core	components/buttons/DzButtonGroup.types.d.ts	1950	7598b0d201281ec10b353255ecf1d8c53eecf6a923501c27d03d09839d3c8fa6
core	components/buttons/DzButtonGroup.types.js	92	e936a188e2e6b3884544bcceecc7bd51f6322c1294f90b5a5a14b434eab9615f
core	components/buttons/DzButtonGroup.variants.d.ts	1110	6c41019d7b7eebbfe61a08f8b2b8c64e24076dec6ce27024f4da7b5e800a302d
core	components/buttons/DzButtonGroup.variants.js	701	7dd104c7fabd8b7f5636e74546f9b9ab1ef070930db57d03da6bf8e8e48118e0
core	components/buttons/DzButtonGroup.vue.d.ts	1163	cfa2cd7db0cb5dca1b3216fe1208ac4b84b7a42a2d6348d7ed94cdd8541bb924
core	components/buttons/DzButtonGroup.vue.js	1733	1ae61df1e58be8231124bc10ccfc968e86bf15da386afab103ac0ee8e4f54bb5
core	components/buttons/DzButtonGroup.vue2.js	67	7a0255c009afa5dcb13c0e9c77413ab91e6dff786d26aed31aabd62c768a0a79
core	components/buttons/DzCopyButton.anatomy.d.ts	2030	3dced9b7c14abf4535ac6dd3281828589da91ab41de0f41d3dd3a170f994f545
core	components/buttons/DzCopyButton.types.d.ts	1688	bea3f9a245bc3db60682147e60b6efd7f0a1a8c3bc9a1f295ccedaede99cab64
core	components/buttons/DzCopyButton.variants.d.ts	1518	2af9a6692d915c911391176e10afea89f29374d56a85800ea4036adbd6f15fde
core	components/buttons/DzCopyButton.variants.js	647	0bc5e38f5a28cd1576a928dccb9c77a60f1af84701f83c5b0503a885180c7919
core	components/buttons/DzCopyButton.vue.d.ts	1264	cd21ab29395b40ba2bbeac8edaaf2f63eddec3b1860c2832038ee9afd1d13019
core	components/buttons/DzCopyButton.vue.js	4640	1134fa3bd8f2199878ee83695f797d91e49e76698ea2a8fe0097c98d42979668
core	components/buttons/DzCopyButton.vue2.js	66	da95a7df134f3ec1dfe8bbff9dffcbba1832f3843184b8062ff6f20e1c98aece
core	components/buttons/DzFab.anatomy.d.ts	2316	69f872312cd11d6714f90c908f411db991b7dacab56723410fc53478a98e886a
core	components/buttons/DzFab.tokens.d.ts	1110	5b0bcd3448c50070ae75af4f0986139738dc2b441dc5c24a55890a3e68d831bd
core	components/buttons/DzFab.types.d.ts	2380	8a939bd3e18d5a50f9d87a6a0411c8c790a91808c7eda71c3f54aa0d184b44f7
core	components/buttons/DzFab.variants.d.ts	5930	e5bf57546f4b67c0a9bec524154dedc7d088a7dfa2dc4c1043c76cc09cfc96f3
core	components/buttons/DzFab.variants.js	1479	fea735e83c238a869d4a660eb85a706d61284316e4a440be886bf75941ac7762
core	components/buttons/DzFab.vue.d.ts	1464	0152cd6f9a7d9934ef4eede68bb777f93044d6e7dff86b5c9160111358c8c69c
core	components/buttons/DzFab.vue.js	4170	82a25b4851dcd6656477e7a473a4fbc3a7498cd9a7e8278f848f71c5e5cfce6f
core	components/buttons/DzFab.vue2.js	59	4a88327973f84bfc12c2eeeb5804fb1e2588dacd8e771cb56b7825c31bfc315e
core	components/buttons/DzIconButton.anatomy.d.ts	2014	2dcb3bebad8d5553179b08fa4df592196214af23b50f646c15e08aa2fabc0d3e
core	components/buttons/DzIconButton.tokens.d.ts	1820	efdca8aa1d8c830b881674bd560436f777308c42108b6d4657752abcbf3c6bb3
core	components/buttons/DzIconButton.types.d.ts	1590	e330faa0fa4e34b4dd9b301703d3b5d5e0c0692acb5ee87d807bcbc0efb92d84
core	components/buttons/DzIconButton.vue.d.ts	1004	a1ddddcc4defaf4cbf02cd54bd5ee5184048c2e04de482fab77053cf16f79a36
core	components/buttons/DzIconButton.vue.js	4240	8359c82a260005e40e1c60275a4dc76dd0fb8470f2f6db3cc66158a945b63abf
core	components/buttons/DzIconButton.vue2.js	66	6b06c8473354abad0520e7192fb417b14491384a6840c6603d767a7acd34d3b3
core	components/buttons/DzSpeedDial.anatomy.d.ts	3391	78d75394c71e9ee95ae68dd5231279fcb1238c8d6d38a21922db073f0d80d107
core	components/buttons/DzSpeedDial.tokens.d.ts	1039	8d4ec5d2f1b81572024b944edd6a8ec795904fe8a86fb687a5490ac82b420b3f
core	components/buttons/DzSpeedDial.tokens.js	176	882cf1f041352558c1fd73ae16b3ccfe9ff5aa7a8b93b7d15d840abf69f31124
core	components/buttons/DzSpeedDial.types.d.ts	2956	d6ee2a784fa034c650e29b3b73a1edd6f14d633ac5ff3defbe5ce4758b0e2a56
core	components/buttons/DzSpeedDial.variants.d.ts	3374	943715914931f59373f281f4c47524d805a686a2416ee0da66e596bdadc57204
core	components/buttons/DzSpeedDial.variants.js	852	532377a1e841df7e43c1a19c498f635dc9b46391d8160eb9503ce48bca3f26b2
core	components/buttons/DzSpeedDial.vue.d.ts	6935	a79bbd3044ca98c50800a58dc0fd1a1bbb32b1c064e4c0a1ee55565a3536f19f
core	components/buttons/DzSpeedDial.vue.js	8421	5d46568d14074a6c1dcd40c69a7cd8f5a63fd91b3d8880259dee943b9443dde9
core	components/buttons/DzSpeedDial.vue2.js	65	57ceb6d5b1bbad4f1737a461b6bfe9488c372c3e3e271547c7272b5a4c6f7fbf
core	components/buttons/DzSplitButton.anatomy.d.ts	4043	87e7e4208ba6e2cee2562acb0049c3e010f326a43ae2f714ee56b96a8e074f98
core	components/buttons/DzSplitButton.tokens.d.ts	2087	619261687aa8a9869aaafbabc3165580a6d5d162614562d2685bef1c128018a6
core	components/buttons/DzSplitButton.types.d.ts	2550	26b95990c0a3b133b3ad01026ecc45fb69b67208afae3b8895222b9385e382a3
core	components/buttons/DzSplitButton.types.js	92	7fead7a21d10bdcf03194056ad985246a8a3c35960a58c278d7dc41cf4cffb6b
core	components/buttons/DzSplitButton.vue.d.ts	1121	bccf2764a09f1d1c7b0ed843dd32c68ac6994f01de510756566fee5b0062f614
core	components/buttons/DzSplitButton.vue.js	2099	35394fef3d0412815ab8ed286ce65efd8e92d59cd25da93e962fd4e57a5cd9f9
core	components/buttons/DzSplitButton.vue2.js	67	657529c71ac4fa8b9d5824b656d67371960ae1a98de4b74316b0ae5cbeb62ee7
core	components/buttons/DzSplitButtonAction.vue.d.ts	986	6a936e04d4248b760561c5964211388542d53dd651d044db8f9cd2705b01d04b
core	components/buttons/DzSplitButtonAction.vue.js	2726	5084ed229e478227cd536c02bc48583b9096bbf9cfd052a7278ce1b7cbe199af
core	components/buttons/DzSplitButtonAction.vue2.js	73	60ad697545778cb29cd4e76571a351a26a58a5e83b328825206065649ea57aa8
core	components/buttons/DzSplitButtonMenu.vue.d.ts	877	250e5465c4cc2a8d925281c6e887d321296024d4b138b853ef21982bbf822def
core	components/buttons/DzSplitButtonMenu.vue.js	2225	48c6de6dc1cb8d1a337207858acd11eeee6b433b1c6447b1489c5aed9d755596
core	components/buttons/DzSplitButtonMenu.vue2.js	71	0b2c1e9cb68abcfd7d94077c05f14553da7efdef9bbb2e927d1ba7a324b64a9e
core	components/buttons/DzToggleButton.anatomy.d.ts	1924	96dca59dbdb47fc835f084ca20e73c51c21bed7f826b4dfc630ffdfadec0a2a5
core	components/buttons/DzToggleButton.tokens.d.ts	2872	5331a21d39eb2cc11b7372201c97bf5008756976740209e44cf04ebf22d03c7f
core	components/buttons/DzToggleButton.types.d.ts	1479	06566923cb65114e96bb711dc78a4817e41886715519b10d561f47c069ffc98a
core	components/buttons/DzToggleButton.variants.d.ts	2919	e2be0b87b2219663f1e8a915a86a4cc3c666b71691aae036fef5f4b164fa283b
core	components/buttons/DzToggleButton.variants.js	2050	ceb35c5ae3e6551304fb55af5a6d46fd2d595d20e7cd8a7e788bc2b2e6ac06bd
core	components/buttons/DzToggleButton.vue.d.ts	1616	f3df99abad1b25717bfb86f852b4b1a21b0ee178c8688d3af3fe41f7a0474376
core	components/buttons/DzToggleButton.vue.js	2623	68a6a8034c098291a5a194c4417c33257e05e4d19010a4ffc3053b550a70df6a
core	components/buttons/DzToggleButton.vue2.js	68	2c9168088e4e73f2f4f14935f3bc1dc78e12c3fc8ee0cf062567b807ae635e07
core	components/buttons/index.d.ts	2371	de96fdf3bd1b94cffa0482f0bd0ac0d96fb410bc1e137b039ab794eb46098169
core	components/buttons/index.js	1518	e8e563040e30b492721e627b97fc3a79f0697ae58da90b9f909a408e80a00687
core	components/cards/DzCard.anatomy.d.ts	4524	d7fb27aa5d688e83e1a95f9e75dd0629a62fb65ff73f2654f632351725d27eab
core	components/cards/DzCard.tokens.d.ts	1584	60183c77bef478d53ae8c9441349397ae691672fe797671fc7af7bfd53d4ac5c
core	components/cards/DzCard.types.d.ts	3205	752b273e80e241954ad483e5d150ca6437988b821bbfb5629fd7a36c326fa0eb
core	components/cards/DzCard.variants.d.ts	4029	a07e712606efac1a758417dfded339137cc928d84c6efc6626a35f9d7ed9b09a
core	components/cards/DzCard.variants.js	1778	45a5fcb6d0388a133fb2298efda8477d31703578cb0b699c3fb7e6b646671724
core	components/cards/DzCard.vue.d.ts	1094	b10942c234b986b8f7160824f8c79dc600dde4ee402169dffb465a63666a4f01
core	components/cards/DzCard.vue.js	2085	4ec08c0d061f940525265cb736a9b8570af64a5eb695cd3bac5429cc2f672004
core	components/cards/DzCard.vue2.js	60	4b5a1e0ce53f9a062d02b55fcf3dd051fb97a0cc000ba1cd1c56577fb7f9fa20
core	components/cards/DzCardBody.vue.d.ts	784	99cb2b97e31eb275182cd7b2bef32f1ae87aa32e6d55cf0a919c77985c6c8f7e
core	components/cards/DzCardBody.vue.js	586	de0273182b14ea1b27409493a563d1cbd759879cb91401e827b1a7aa4791c227
core	components/cards/DzCardBody.vue2.js	64	6ab347ff363276535fd67babfadab45474b374bcf37732f76a508aa39c6bf982
core	components/cards/DzCardFooter.vue.d.ts	790	e53732cfc34679d92db90f2144e11c6c608351c69a72e26531e5975e948ca74c
core	components/cards/DzCardFooter.vue.js	592	20ed2e664fd43e5ebe72582fb7e3914e36bac98df9a1e2ad83fdaafc53f72ab0
core	components/cards/DzCardFooter.vue2.js	66	a7e7375a9aeef3e2548c892b759e5aa4dd26f3c4cfdab1e7f23076d9fb7df676
core	components/cards/DzCardHeader.vue.d.ts	840	7bd303ada4fb1a6a310b0ff5df27146d5cdd55542d998212a38214fdf5b141d0
core	components/cards/DzCardHeader.vue.js	988	10ad4cc7b3e1cd37061d06d0cf4358f68821e62430133f6df7a595bdde34d039
core	components/cards/DzCardHeader.vue2.js	66	43fd9fa25a9c617a9ee7e3e5565078b10e872b7288465945ff740ef7b1285054
core	components/cards/DzImageCard.anatomy.d.ts	2566	32ed7fe423d93c046f0791d07f2fa228560e67c8c2bf192e0c88245b4fdb27e5
core	components/cards/DzImageCard.tokens.d.ts	1301	fa256f94b7c83b3e349e0abb816be34d590eb882f2d6a56c21c8745df60caab2
core	components/cards/DzImageCard.types.d.ts	1469	813cda1a88e93b78758cabe542fc5067231650fbb516c3de478471aea6b53f2f
core	components/cards/DzImageCard.variants.d.ts	1861	f3cb6110918a80336055139b440950512e5f866c554425cdb938e32045bf8102
core	components/cards/DzImageCard.variants.js	983	2dbffd34c6a1531e21dbf59040399252752bc3e8c92c9b50922e34189cd7e58e
core	components/cards/DzImageCard.vue.d.ts	960	47f6bbcac5431d2773a4b836ac46e120f4d1ef0d4924c7d9dfd1aa96ed970b04
core	components/cards/DzImageCard.vue.js	2418	82a4244049a41205ad20c9b6a83fa346255f0d2660c43b785f4dc8764d2046fb
core	components/cards/DzImageCard.vue2.js	65	5d0ab20305124e350d863547af9b2ab549d97d26f84aacf3f54433b8204f73bf
core	components/cards/DzStatCard.anatomy.d.ts	2196	e8d9cddd52402915aad1bf532bf56e38adf1c87c2bd4f94e3c15e7a1f99a8b73
core	components/cards/DzStatCard.tokens.d.ts	1876	077036bd20bb46f0efb55d2951d74c1c64fadd1fec1b12f6c561f1120f418297
core	components/cards/DzStatCard.types.d.ts	1471	4bfa7509068f75bf83cf6d085577f6ea57256bc857f8200a3c9f945ef2435010
core	components/cards/DzStatCard.variants.d.ts	3190	012e98648828f43d01fd2d20c5e13bce2fd818cdaba986a3f82dff08f704ea36
core	components/cards/DzStatCard.variants.js	1519	d1252bdf2e6de37372c87f4378c282e4ab09004794e284df1e3c0e3fb5cc896f
core	components/cards/DzStatCard.vue.d.ts	895	c715d3468d8fba771021ff21f001a5abf1147417f7741a96093e598f16f6707b
core	components/cards/DzStatCard.vue.js	3558	2ad6441e40aaa17e2c3e9d102cb4fd527c7aa6c8ce23a3991308e90de6bbddf4
core	components/cards/DzStatCard.vue2.js	64	855108c66a5783c738154a00eb3041a6b6e6e192bf11c58de44d44a05035070b
core	components/cards/index.d.ts	1138	4613173fec88c905d6849d77fd6d2f707d995c9acbdd16b09cb04233ecf23741
core	components/cards/index.js	855	64fdbff858f21af4d50d10d9d838e8a0d9403814854ba2da436a5b01b1002268
core	components/data/DzAccordion.anatomy.d.ts	4582	933af473e2d39d79371b0939617f708b61879f17d9cd38295d3441bde7cd7836
core	components/data/DzAccordion.tokens.d.ts	2940	a44376e0298d3e6a72c07eeddbbf70e131e13224b99206858b1a037fca703da6
core	components/data/DzAccordion.types.d.ts	6465	982755f14c0e57fcff43f6b3b35738c22533dcd2f646fda1c1cdd292a07eb9a6
core	components/data/DzAccordion.types.js	86	03e6ba0100fc4bad1209884bca807328152e7b85ab6b36b1915bd26329e9335c
core	components/data/DzAccordion.variants.d.ts	7507	b566ad711e04c6a9bc53c9d3e8b33ae18e99434c7bd253821860d2921395186d
core	components/data/DzAccordion.variants.js	3513	d61824de9d2a993859002bdd00ecc9441aa42f69190b5fde686864c0b3f4f797
core	components/data/DzAccordion.vue.d.ts	2293	88e129ce815ba7aacf60963fff988057fa2d666473a2d7add00289895b92d41f
core	components/data/DzAccordion.vue.js	2921	7349c04f171bee87e859ed2ca213e67edd9df0e1265e2c3fc05e572a1a38adae
core	components/data/DzAccordion.vue2.js	65	b8f0619966ec58f0dbd4a9dd4731b9e0bc9ec26a707e4c649004af3fdfa961db
core	components/data/DzAccordionContent.vue.d.ts	813	39bec74214e5cf21b7dd1e761da850392e659a1f02b73cb60b3110fd6ed803b9
core	components/data/DzAccordionContent.vue.js	1132	c337bdfcd276db3a63309c738dba262c2afd68d7c814dbaec23171c805f756fb
core	components/data/DzAccordionContent.vue2.js	72	3b79b6a0b304f246bf13bc194d99df0076f3b8685ffde07b3c541dfdba127b71
core	components/data/DzAccordionItem.vue.d.ts	863	6d75e6b5e702e8899f25f525214792761f0646d93a317d5473d3454f382789be
core	components/data/DzAccordionItem.vue.js	1117	98618025fbc4bf36a4eb23c162201f65122cfe12a640e972d3dac92d581f6d39
core	components/data/DzAccordionItem.vue2.js	69	dcc8471b39c3e664200e57d9d0c469398e0a1406f00d24557a35eaebbc45162b
core	components/data/DzAccordionTrigger.vue.d.ts	1144	9229507862864eb8758e4ddc4d62e59239990345d1e163fd9eeb0e5d13242464
core	components/data/DzAccordionTrigger.vue.js	1824	8a8475ddf68b8fd3ec25726a8f1179b95c32a2aeb09a8cc908e5c4347c1df403
core	components/data/DzAccordionTrigger.vue2.js	72	5b4bbc336d6278d5cad7c68fd91c347f4987fe10a7de4990d05ab305a86e8bb5
core	components/data/DzAnimatedNumber.tokens.d.ts	1254	bea2268168a1d2218f6f0fdba2fe605064df3969a5bc52c5ef23e7bf098305c8
core	components/data/DzAnimatedNumber.tween.d.ts	3220	2cd5f26331df45e7ec6f6004a6422f4abbc9907a74ffb16c321f5675199cd3e7
core	components/data/DzAnimatedNumber.tween.js	1425	7adf21835e75f0f75b44acf6bf7b7ad72f7f2950eedc75558ad9ef867f5489dd
core	components/data/DzAnimatedNumber.types.d.ts	2538	a9ba5712c345b3588b9606874c7d484bea70b7dbd9be9f2309ea4e8182a5ced3
core	components/data/DzAnimatedNumber.variants.d.ts	5339	e2f2b56eead8412420521da5c25a9869bacf958e5c39e0545715b530cac3f6c7
core	components/data/DzAnimatedNumber.variants.js	1643	6bbd0308ccd982ab434d5ed584912c6700aeb8d1f0bef3b6622ce8d3c0e6f287
core	components/data/DzAnimatedNumber.vue.d.ts	1644	6c4e6f85696f0f11b08f9c3d99be36bb22f3096a98b417d0e208b95deb76550c
core	components/data/DzAnimatedNumber.vue.js	5403	9320f137f135ac46df6b0d93f2b3770a143a213bd6d3390991e20a35ca743b0d
core	components/data/DzAnimatedNumber.vue2.js	70	f7a8ff56527714b2fa511bdabeb6f8b3b0a7554b286a2718dacc46ac92191b2c
core	components/data/DzCalendar.anatomy.d.ts	6259	f543acde509e20a83e50f5e12cb905f6fa456e6946631d5eaaca002080c600ed
core	components/data/DzCalendar.tokens.d.ts	2224	dd8ba7d8a6b89c09340b1e05f9e14ee06b580cb03d54afe501ba3c39e605d4df
core	components/data/DzCalendar.types.d.ts	3461	4a1e62d38da4ac726d6ac2ca2b5f543b7c384cdede5f265a0b0ac6ae49f09e12
core	components/data/DzCalendar.variants.d.ts	4970	1b53b4812a5455797f546ae3275373d17d9b2470f45c3cf33def5cd1f3d4a4fd
core	components/data/DzCalendar.variants.js	3457	3cf8d32b90a81c0317cdd7dbca5b83f3b6adf859f831bd037872ed922f8bcea2
core	components/data/DzCalendar.vue.d.ts	2046	15866ee22dfb7dad390410b41833d4e7ee32de46158969a20651b4f7602b7be3
core	components/data/DzCalendar.vue.js	10733	00204762899713d177de784185ced9ba1f2c3f3548c4664f27444e3bdf396f9e
core	components/data/DzCalendar.vue2.js	64	9b04cf23578de3f954abcc36d7d484344fb9d73df6d85e545ad559e16d357373
core	components/data/DzChip.anatomy.d.ts	2950	b0ed590e06cf3504244f945941ca34d2f6e00b38cd7fcefabfdb7da7b34b1ad3
core	components/data/DzChip.tokens.d.ts	2620	e10c72e1019c3ab3cbfeab210cf7961dbf6d60e760760ffc563be3c2bbac61be
core	components/data/DzChip.types.d.ts	1320	7244946b0952f62568aa1b87cafde6e074be40063f0cd49c63bec73dbb1e530b
core	components/data/DzChip.variants.d.ts	3315	3ad604a50c5c7769b7aacd203de17ae36f0176f44a403e1a605a969c08df96ef
core	components/data/DzChip.variants.js	3414	10349d93512610f955addf840f7232d5d57361909fb52735f16725c2393fde90
core	components/data/DzChip.vue.d.ts	1258	22e73c0d783c52fe06ac5a5b7468ebfd80c5fa8bcfaf9a058acaae9266562d40
core	components/data/DzChip.vue.js	3972	fc073a12319b7488a2643316d9673aebed516e5666aaf0d982e2454538ffe7c6
core	components/data/DzChip.vue2.js	60	6b6604eac5a5bf772675bdd585ebd6951a2b9901689bd701d512371958e90eca
core	components/data/DzCodeBlock.anatomy.d.ts	4056	086d13f635b9e139ed38b0a40fb1ab35b4df252339f6cdf6c0393573a76b2e5d
core	components/data/DzCodeBlock.tokens.d.ts	1346	1cb1a82a4f84b6ae7e9bd73a79b1557e88489941c8df95500ad194d939936911
core	components/data/DzCodeBlock.types.d.ts	1156	a4819977aa17c6b5c4cc658fe205f1772df787a11be09b525dafffb3d2e01b0e
core	components/data/DzCodeBlock.variants.d.ts	4353	48e413c14818f5722581cce0394717c6c71d67db7d42e4023680ea416aab2bb7
core	components/data/DzCodeBlock.variants.js	501	6c3835dac5d6ec9b2152366715ea678788b5205d45682f9d607192317f79fe53
core	components/data/DzCodeBlock.vue.d.ts	999	49c05a3e0045193be422c1bb688f7af30ac692c4d66787ed0cf0060bb0937799
core	components/data/DzCodeBlock.vue.js	3755	eb76f678de4f1b244edd75eea748f3e08f632b477c0723b7e75eefbdb691125e
core	components/data/DzCodeBlock.vue2.js	65	d01a1a4fe3e18ad49d94f956587c5037c84d5b39b4ceee87f663fb6fb47dd7dd
core	components/data/DzCountdown.tokens.d.ts	949	3455016f6967fd5c2646e13063126096af5a601298c90b484535768dedb2a1a2
core	components/data/DzCountdown.types.d.ts	2396	3bdb20a7b11970127c04f1d2fe5e2d4d64b0655c9baef190edc8dfac27a7d3f7
core	components/data/DzCountdown.variants.d.ts	5207	0f911ddcae55790f4f8a9603f3bafe069bbb66cadfd641516f62ea4a0a4e32af
core	components/data/DzCountdown.variants.js	1272	6b07b62af9feef18fc94e790e93fd1c995a136fbc549a26d077e9401f0fdb725
core	components/data/DzCountdown.vue.d.ts	1894	0817dded3373c7c2db5b04335356ef3112cd5392a65d4e9972239b082b5ce1f0
core	components/data/DzCountdown.vue.js	4049	d03fbf8e508356f918de02b5f957bc826dc6e9be1768de55764f0cfcd151ce17
core	components/data/DzCountdown.vue2.js	65	e21e6e4bb5f47db9d1eeaa4b22bcec639669037d21160c13cdb4a70775e241a2
core	components/data/DzDataGrid.anatomy.d.ts	6147	437c0f0897ae3b64baee14f1184e15b6224b170b445aa8f1eea8c38c447fc42d
core	components/data/DzDataGrid.tokens.d.ts	2600	b7b0ef6f3eefc5d6a2bcf2f5a3979bdceb1a8920bf9fa974cc46c1dc0de087c0
core	components/data/DzDataGrid.types.d.ts	9408	101d0ea6bf6f00a5e2fb1a512cdfe5129d461ae4a0d21023f2b5bd7bf90bdf95
core	components/data/DzDataGrid.types.js	86	7a7ac2bc8d6b68c69dcca6edef1087ba48060d4bdd2bf157802b326dcdd3aaf2
core	components/data/DzDataGrid.variants.d.ts	6694	eadb9835b70749d1b007532e90e1df6f3ff31453fd791d2b82bccf1f00fc7dce
core	components/data/DzDataGrid.variants.js	3229	0ce589e7d1c7ce2d4892cc57fb3fa88b8173b432c02c76cdd97134142882eeb7
core	components/data/DzDataGrid.vue.d.ts	2303	fad2a0aa019b15a629bf6c93dcc0649cedd1fceee7d848b9d2517f7055806da8
core	components/data/DzDataGrid.vue.js	7022	9a27a8982f0e0206e938221687650de4b0170720a45987275b4b66e3a8676530
core	components/data/DzDataGrid.vue2.js	64	8430837831cd1a168427293584dc9b64013dc02eaec2a31a7c6069efbb58376d
core	components/data/DzDataGridBody.vue.d.ts	1749	69004ba5de1ea9895120fff24fbebac2aec74a8eab44633f3dcbb20838828462
core	components/data/DzDataGridBody.vue.js	2970	5e368e50e82542dd9aca37289ceb95fdf673bf1d13c6ce1f482cfe35639a7fa1
core	components/data/DzDataGridBody.vue2.js	68	06754a79be420f77e93ec75033907245a21ed87688edebb41496b56b4613738a
core	components/data/DzDataGridHeader.vue.d.ts	320	09b1271f73d90a01c889b4963a350825cff11493498b4141fde2399ce09de43a
core	components/data/DzDataGridHeader.vue.js	8586	ae3b2b8f843ad24f5e4dd5a1febecdfe6dc3510f6f0083d0969f3560da99fbe2
core	components/data/DzDataGridHeader.vue2.js	70	b95d66d7b37dd7c86711504cae5038cae327745bcd1ed584e8ca2c6a9442e6f1
core	components/data/DzDataGridPagination.vue.d.ts	686	207d95ad6c6f1689195613866989ec7ed27c12986ff02e48320f395f83753dc9
core	components/data/DzDataGridPagination.vue.js	2732	8f7138d09ef466a0529a1be99a148d3fab51aaefd5b45a66e683eedfc3b10fe8
core	components/data/DzDataGridPagination.vue2.js	74	085e76e7f5cf70c927f1081c5abffbd7225e16e803b8095b6f212255963b744b
core	components/data/DzDataView.anatomy.d.ts	3196	4ade437eeaa7f4da2efd431a6dbd68b230cbb97148e35574e3b1dc7ab3555b01
core	components/data/DzDataView.tokens.d.ts	1360	1d1e2815a752eac8694bb27c588780008e23ce264aa647663b95aa7fb17a5f30
core	components/data/DzDataView.types.d.ts	4418	a777d142280f3d7877f84f8aaad42b58de82692013c38869cdf619fdda3c3901
core	components/data/DzDataView.variants.d.ts	3455	ef73eacffd201be92fb3f97ecc1abe764a5ba9049354a39fdd825298d71c5a60
core	components/data/DzDataView.variants.js	1980	969360560dae473a79cd6b01719eb374d1a4dec4eb5608c2a374cc8ac38c2fa5
core	components/data/DzDataView.vue.d.ts	2086	8e6d93b8a70e5f2cc0078fd3a204a192f76bdc5492ecc1e5fe2c283624a96d4f
core	components/data/DzDataView.vue.js	9896	43447b12869fec4143d762b79e83580126de6fe5979b85c33196036dca47bf7a
core	components/data/DzDataView.vue2.js	64	1c42834644b1050ff1eba36384ae32ce67223a16dd2c3cc8e94078ad7771877b
core	components/data/DzDescriptions.tokens.d.ts	2503	4cc0382b76e3c6d905e27206366ead2fd2d05244d4eda4f38f2af63ac5d955da
core	components/data/DzDescriptions.types.d.ts	2989	b89b5a0797999967766d852910c9ee171e99ea4748e09eb24f1ed150667bb591
core	components/data/DzDescriptions.types.js	92	71c0b4d016c36cf5ba4fd44c7f635e2661224b35f5099b1db4a4ba97ed888185
core	components/data/DzDescriptions.variants.d.ts	6468	61634d4b4473eb3582c42754f42cb06a3fce0c459c316c5d31c61ed3bcd86cda
core	components/data/DzDescriptions.variants.js	4493	7dfdedcad5b3b53d892db84e03b0ce2d0ee3a29800a4204b7ef521481e21408d
core	components/data/DzDescriptions.vue.d.ts	1128	5f49d2698bb03d69785a4fbbf5cfaba34bee8b88a3278f846227a7d1e698f4fb
core	components/data/DzDescriptions.vue.js	2958	448a82c9055973927526dc1c8f22705fdcfa037ccdbcfa16a77551babc348b7d
core	components/data/DzDescriptions.vue2.js	68	03b29481d312cd8ef948b60bfff111d7fbe57d350e7edac8e5f72852ed034cfd
core	components/data/DzDescriptionsItem.vue.d.ts	922	86d9220007d979351cee0dfcea58c670e2e1d6b040694b19517976b685df44cc
core	components/data/DzDescriptionsItem.vue.js	1490	a5299f50642c1649f7bb1746ccd9076f5115f44bf0fbcfbf986f6edcb641770f
core	components/data/DzDescriptionsItem.vue2.js	72	4faba76eb84cb9571db03f9c2db871f4c306067b0815bb96297688d7a4694cd0
core	components/data/DzInfiniteScroll.anatomy.d.ts	3356	8428aba5b690efcd1593dc9048331f14550fc3f0e3e40cb668302b429a8d0314
core	components/data/DzInfiniteScroll.tokens.d.ts	1001	960b072632c6d6939d8d1ff7051f8a55b360a73753e4c9bc078404b8f252c1cc
core	components/data/DzInfiniteScroll.types.d.ts	2601	33b682fc68533c8bccdf3d5df54c0b5de9a638ff32d6b9a9b749f1e4aed5a923
core	components/data/DzInfiniteScroll.variants.d.ts	3843	fd4e284c9b19f36ddb801fbfa733cfecb82f70aa0c0a8f0060ef3aedfdcc5cbb
core	components/data/DzInfiniteScroll.variants.js	1530	bde612be9262e65091193bb21e69edfa44274c9719b40fb62a6a8c0baf5e0631
core	components/data/DzInfiniteScroll.vue.d.ts	1650	8a9cd433ded89999eb675e20b896f9422c3ce171fce010c859980741fb5d315d
core	components/data/DzInfiniteScroll.vue.js	4774	8ec1f086bfa405782490a3d35b15e026a97a4e98292942cc4d583e24a4c087df
core	components/data/DzInfiniteScroll.vue2.js	70	ab2ff41fa78fb3cc67640fe5aa8b73197056b4faf1f40aef49901b6fbd0a2d70
core	components/data/DzList.tokens.d.ts	1876	c4a6f1e244639269769efb75056438c6596504bc5e03b2ff9a3e0522a7f6e8bb
core	components/data/DzList.types.d.ts	2639	ff96c071db9f3f963e745ba7db0bfa5b79978065ca0c0461f6efafb13b2c492e
core	components/data/DzList.types.js	76	8449be5fbfdd436221c7b282baf99d4c1238d3089d69ba07227d52b210db9db7
core	components/data/DzList.variants.d.ts	5238	ef48f343f19cd038f752179a39846ebe029a32f9b6fbbd8d696d73f3b233b498
core	components/data/DzList.variants.js	1516	0bcb60f69dec820c4de914cb05dc07471919e631e50afc586be48394f4dbb83d
core	components/data/DzList.vue.d.ts	1221	0c92ffd81361c8ca4a130a68d6142f9faae4d00dbfc4914459f01deeffc03764
core	components/data/DzList.vue.js	2499	435da5e2b3c1cbc32ed75f1efdc56c95f1311e145d1c235937970aae90aa36d5
core	components/data/DzList.vue2.js	60	2342e3ffc07253be8e25f6a47fd80ff5acad35554840b371f54623874f380c42
core	components/data/DzListItem.anatomy.d.ts	2833	ea446ccec5a98ac60b09ca2e2db315ad118653bc4fc31f3b49dbec434b8a4f3a
core	components/data/DzListItem.vue.d.ts	1024	fd908a0cc77b4b5b7d3f47768df5dbfec3f863e7e390ba9a25589e517e6f097e
core	components/data/DzListItem.vue.js	2425	758b0f6505c4f9417c182dd7b3b665f1de273af5a3e8c28ad94e1aa0b20e52cb
core	components/data/DzListItem.vue2.js	64	db9026e0165d7c8da0cea1660773fe60b190514fcd5306043fb6e8991e0c93f1
core	components/data/DzOrderList.anatomy.d.ts	5284	1cf7a82e0c1e04fbd89ecfc940daf3bab049f0fdd71f611bff356d45c882808d
core	components/data/DzOrderList.tokens.d.ts	2111	361ba7e6365be5a8ae6023af65a41d2f71544a6e4811167aae25179b883b5db6
core	components/data/DzOrderList.types.d.ts	4510	957828a8f68f958566b4e2deffaf9edc8f8db974ae79fa0917f601ac7909ed6b
core	components/data/DzOrderList.variants.d.ts	6512	696dfc6dfc518cf093dfdae9b9439598bce01b92ca65646dca88326cb1df4bcb
core	components/data/DzOrderList.variants.js	2919	6db35692fe20a9c27ffe715fca2412daea49e280c71df3bb5054a9aaa777d9c2
core	components/data/DzOrderList.vue.d.ts	1751	bd4d8bf2750b5db1b04c970ffc609be0919b846572e01114cd42e67a8bdb1767
core	components/data/DzOrderList.vue.js	14107	7ae4fcb95cb6d8e1304291c1e637d77436047330bace8ed1033581b98a7e4fcc
core	components/data/DzOrderList.vue2.js	65	f53d3de84802e38a509f72df4572bb230111bdb98660fac11e088f672b4c8c0a
core	components/data/DzTable.anatomy.d.ts	6087	74b07af43538eee0f1d753f5439784ca76d8f23b3df11831ebf37ed938c4a39b
core	components/data/DzTable.tokens.d.ts	1988	89d647cbae4c79c8f3becfc64031999fd9a81726c75856fa65fe1afd59035ade
core	components/data/DzTable.types.d.ts	9462	a55332e0a0ff192b0d935c66b244d7fbe391c3ba9cc1616a043a4bf2966aabca
core	components/data/DzTable.types.js	78	1d813306a3fac99e6a2673fc85879eb440d6b199e5fe1ba67e38686a3dafb9ef
core	components/data/DzTable.variants.d.ts	8681	ffbd17397e89484cc1a51215dc8ddebba7c26e0dd296614d2997f3010e97d574
core	components/data/DzTable.variants.js	2503	bde3db7daf97d4500f4c1c6a513201cb0e4d38f9c7399c25f680bca70334e05a
core	components/data/DzTable.vue.d.ts	1487	941068dd1e0b579a7130de45f0899d82a26f5b630e3167eaceaa8153ffe229a6
core	components/data/DzTable.vue.js	4220	b169d178b8b6f02ea9db0f952fee57ef86b7114acbbcfeb2f8f218a57224a5fa
core	components/data/DzTable.vue2.js	61	eba712d2bee54dfbed49bd81677bb5e80db2920dfe23ae0ef49b77c86b8f339c
core	components/data/DzTableBody.vue.d.ts	862	a2659885ab31bdb641d930c358a6265ec06f92acd9b94803705f1fcf92d4d794
core	components/data/DzTableBody.vue.js	3623	8aed622e23c18fe7c7dc39bd02572d02c8595192a37c8383fea2f43016c99691
core	components/data/DzTableBody.vue2.js	65	c9c0e5d32ecaa9859a5646502e7a8ea05a82dbea6eff0a5f026acea7c0d33778
core	components/data/DzTableCell.vue.d.ts	1131	f6fc914bfdfedd2455a5e60f370f5182fc27cc831a99e9fdf6f381175e45e557
core	components/data/DzTableCell.vue.js	4949	cb62aef0d15af32d700b0db6a7c662b592332710ab6ae2ea8867d5bcd6aba8a3
core	components/data/DzTableCell.vue2.js	65	6ce2862cab5a536d7d5dde247971ca7301120eae234a69675bf4e26f160a0023
core	components/data/DzTableFooter.vue.d.ts	794	1833b7f182694f3d0a010d51764b3b2492260fe6967d8e9e692fe330404dde1e
core	components/data/DzTableFooter.vue.js	857	611fc9d87c555c42bc7133bc00fb6a819f34577be20fca0ee837bf30595c42af
core	components/data/DzTableFooter.vue2.js	67	5bdf0cb3e1e25dde70957b16aaecc1e7cfcfc497279780a72a0398012a71608d
core	components/data/DzTableHeader.vue.d.ts	794	461a8d370ff1f35a2e837f32cdc8a422e72a04b7bd033115650f1d114cbb0c9b
core	components/data/DzTableHeader.vue.js	869	9cd7f9eb6e1545089b7243fee5c7d891222d6b49ddd8178f55c8ca8894a9572a
core	components/data/DzTableHeader.vue2.js	67	284a8b527f8c0b78ad1593f685e6006f300012e5b4fa8b0df667d331323b7b6c
core	components/data/DzTableRow.vue.d.ts	897	a67d1d102dde45df70e8cb3e92676df178e65e210c14489da11c41ad6c5afd15
core	components/data/DzTableRow.vue.js	2711	d361493fd0fe42a40015c246fd69b2c721780a72e588fd5e0b184a74022497f7
core	components/data/DzTableRow.vue2.js	64	69251772a290fe87feca825a0c664070ef362d0dcf2ff5295df6226f23706266
core	components/data/DzTag.anatomy.d.ts	2874	3756172533250f298046ba96917071583ac8a4372f7723ac9732342083e78378
core	components/data/DzTag.tokens.d.ts	2615	b0f503f0ae2b9fa20aa00ea71b82940ffa622e9925d82071752b4f9e3d760483
core	components/data/DzTag.types.d.ts	1300	3eee791f3a76afeecc93d6c6d9e95a2b8807df26cb57c2b7af5a82b15f1afccb
core	components/data/DzTag.variants.d.ts	3312	fd56aa48ca37f2e61b39cc52b25b37e76a5d74b3e4b7bd111c394b86c264ec77
core	components/data/DzTag.variants.js	3652	f9006c052f79e55a1b8ec850c8899a0ba566979309852c93cf7174cd5c119d99
core	components/data/DzTag.vue.d.ts	1253	b7958ef898ab3f59dd4da35b4df8587ad910b321cfe77f6c0685b82581b4f026
core	components/data/DzTag.vue.js	3943	88113f0de3c0823b0ca635a745df48045cec342cb40daaed98ff8fc193472ce6
core	components/data/DzTag.vue2.js	59	6367df06c71b7a6d671e0e9b0bda46d0cd389ca8f54f8f602c39a7b97977c363
core	components/data/DzTimeline.tokens.d.ts	2159	fd50bf5826a3a0e43ab5b83602adec6b9e15e89c15784c6861bbcdeafe6ad3ca
core	components/data/DzTimeline.types.d.ts	1421	99177550e2a72c2702271082fadcada842a6930a11aaf77e22bde62bbd89acff
core	components/data/DzTimeline.types.js	84	bf85041f6b63606af98e7895512a05d95607e10237ee03a11d35c5951a700087
core	components/data/DzTimeline.variants.d.ts	6918	88a94fffad1eec0b189a32d7e2025d77dc7ee8c1e194b4bd9817cea1e9a988cf
core	components/data/DzTimeline.variants.js	2107	1b745d3194bbb0bf0d15fa39ef7fa38c36cb4f43164fc0c55b7b5df90a705525
core	components/data/DzTimeline.vue.d.ts	1009	8ad20653b9ec3cc6eaf9ddd4787112b4a2ecc0127d5d3ab65842fb7396e7c3a2
core	components/data/DzTimeline.vue.js	1734	07926de49eaad1682a88daf7ee66370495980c3cc3fe7516bf0dbb6854b75934
core	components/data/DzTimeline.vue2.js	64	c5430ed7b5764700da80d116ffa06943dff01d136b25f06efdf1b85301623fd2
core	components/data/DzTimelineItem.vue.d.ts	931	6187023cc53c1fa8d53ac94f4a42bd656c6003f5b06ce9d402c148a1cad3da71
core	components/data/DzTimelineItem.vue.js	2113	36c2c77ddc3f8375dc122d4d38b38cee44edbe110bb3ea551ffdb945c01c401f
core	components/data/DzTimelineItem.vue2.js	68	3aeb076f3a919f22f6e6cb96796b14064f123c0a44e7e06a845ac6e029444964
core	components/data/DzTree.anatomy.d.ts	4044	34ffad64de1ced8a33d7b651dc81177ce45269949ddee81af80876c72c11d555
core	components/data/DzTree.tokens.d.ts	2599	6c37e340a0cc2787b248ae6328c362058df56bb065ac26ecdd25748cc3338f22
core	components/data/DzTree.types.d.ts	6181	4c3caaf296f59aafddc54e0ba1f4fad2d8a82ad27a750da82d1861021c26cfd4
core	components/data/DzTree.types.js	76	583c72b1e3718d542b659b3ca08db1b001f5a083315e7b7bf1c6a60d10edf54d
core	components/data/DzTree.variants.d.ts	8231	356cc21f5cc39585a15f1a8bae1ba4e309f25257996b4a8daa4260049b58ec9a
core	components/data/DzTree.variants.js	2967	7123ab0b24de9527172b0970d330e90d23b776f3fdb40e53aee1ba551832ecea
core	components/data/DzTree.vue.d.ts	1911	21fe215393c274b28754a0d8c18dbf92eb90d2b5f703696e5c9ad5cfee2dcda8
core	components/data/DzTree.vue.js	5367	aa46c82e8ac241fb68a73c772cec3639296f5aeeb7d1601d987c350823094110
core	components/data/DzTree.vue2.js	60	2553b50d80ffe8c4b6a1f5e4305881df9ca9590c3b5cd61c30af874cca3527ca
core	components/data/DzTreeItem.anatomy.d.ts	4974	390cf7269c3215d8c792be9c1bf6eeaf12a35dbb45f163258dc9241cee8e69b4
core	components/data/DzTreeItem.vue.d.ts	891	36d03d0931ae9636a50b1797b1e00220495cbc75cf14f8c30c83e2d5607a1a1e
core	components/data/DzTreeItem.vue.js	6786	07d1c55be82caa1c107ed7231334901c4d3a87f2a95b41b315c20a68810ae666
core	components/data/DzTreeItem.vue2.js	64	cb7cd3725a723bd7b83292d546dd09635c208a741c9b6d3cb2097d637f5ad265
core	components/data/index.d.ts	7125	4eb57dd660b2c0b10b26f6572212263d90458e5fe0566409a586d210a9a445ec
core	components/data/index.js	4432	7b8cf7035b70e4cd8da62403ba883256929052a3c5f0a25445beb2189a2101e9
core	components/data/treeNavigation.d.ts	2527	46f37c53551db39aa7fa6f14641fb85da65df0824ded39399a2b2e59d5d70330
core	components/data/treeNavigation.js	1786	4f98b7eb83befa7559f3d43197d13274e1eed49d363b34250428906e61ea5cd9
core	components/feedback/DzAlert.tokens.d.ts	4836	c20c3d341eeb5c495e8e3b52ac62dd07c430be7a85526321a8520089f19de5be
core	components/feedback/DzAlert.types.d.ts	1016	1cf1602e5afacf7f702396751ef465f5984097fe2c10844f143d73bf84f44b83
core	components/feedback/DzAlert.variants.d.ts	2499	452709bbe77dfccb16a4176cd4fbc9f0018d28d73ae8f35c15b6785be98cba0d
core	components/feedback/DzAlert.variants.js	3497	62052638eb7866733f92fd509b15e4a8821fd1ae1d6dc2073d0be7b1c34bd28b
core	components/feedback/DzAlert.vue.d.ts	1062	f724cf64f1c6f3dbb26673e12dedfb3deccdedc17ad88126a5966ca5b43dcf34
core	components/feedback/DzAlert.vue.js	3665	80922ff079295293c0e3263544a7b514e555f77e29fc0daa22afeb71e36456a7
core	components/feedback/DzAlert.vue2.js	61	916d5a7cfe20d5655c2cef90c9a0ebc3f40276f7aafb28f1c2416a1bdba2713d
core	components/feedback/DzAsyncBoundary.types.d.ts	2036	f2a87fbd84e6423b43168fa85cbb9892c205ed848074e83dfc3ec667cf8302ee
core	components/feedback/DzAsyncBoundary.vue.d.ts	1271	ac91ee047d1625308d82c028fbd20f9faf5d5cee9e698c467e1f795a5b5c6deb
core	components/feedback/DzAsyncBoundary.vue.js	1445	b401e8c9faef90a3ea43023b28e0b5ad90f68ee31b70f8d25f631ff7d99377bc
core	components/feedback/DzAsyncBoundary.vue2.js	69	35a93af95ed0130713b0f0fe4dc0f61668114a0a5b7227e3d5109999a0b4f699
core	components/feedback/DzBadge.tokens.d.ts	4384	8eded0d2be36dc9f694a3eb8e53e155280d0941e86591656d705fd9e793132f9
core	components/feedback/DzBadge.types.d.ts	456	92f4dfd35a602d761be095aeebfff1374559a4602bb2a9c6bba40c2013aca5d8
core	components/feedback/DzBadge.variants.d.ts	3318	8e81a14299d20d91196016e72ffa679bce8d5259cf8328d6628783d71c3737a6
core	components/feedback/DzBadge.variants.js	3473	41697521692379d251930a0b588daf4350b5ee2b35ecc882b789085ad76b24e4
core	components/feedback/DzBadge.vue.d.ts	970	9d0745c057bbb7036f4520e36165911bfde979419e89747ef58b92ce5b637b7d
core	components/feedback/DzBadge.vue.js	1171	861469adf5cb1fe1661496375636964edb2e98887982fe4fcd1129b261b9dfed
core	components/feedback/DzBadge.vue2.js	61	b9dcd2aa4d8068a71ac0855fd2f6916d754607c38ae080868516d9ba08a0bc30
core	components/feedback/DzBlockUI.anatomy.d.ts	2796	2b3756c31df4bafda2f34b60132bb7791e11d674f90b216c09e995724282a733
core	components/feedback/DzBlockUI.tokens.d.ts	1509	c09e75d7c16fcaa6fff0676406dba02bb1f5e6e8baea48ce1d8714bd1e7f387e
core	components/feedback/DzBlockUI.tokens.js	937	24a37a4f8b044b24f6badc9fd9b233b670930a380921c3627206942a864d2d17
core	components/feedback/DzBlockUI.types.d.ts	2270	f6938648f4ff7be1a00909dba9df17b58a1f2ea485c77df753f027a4ed50fd4c
core	components/feedback/DzBlockUI.variants.d.ts	2167	ff53811d60af85ea4ed2eaf8c79c2ed9c9c0de4612ffe0a0ba7c94aad9f32136
core	components/feedback/DzBlockUI.variants.js	1344	e657456b47317c4264d0793419569fe1fae0b1e5ef3cb6a957deedd3849d5345
core	components/feedback/DzBlockUI.vue.d.ts	2410	23738d37a56148f2663e5763cd04f376bb0cab366d2f2998e4809f0028ae9a44
core	components/feedback/DzBlockUI.vue.js	4805	a8ba9dc8c35468e2b1e665e013af78122347ed6132d4a33684db4d91f274df7f
core	components/feedback/DzBlockUI.vue2.js	63	cddebd462681d1af4f9b3d0092eb6f5fa47afe5c956961c0df3459d7770b4489
core	components/feedback/DzEmpty.tokens.d.ts	1156	f090d3519b5a127115b43a9b86248e4114d221f81d8ddb0614c883ccbc1af210
core	components/feedback/DzEmpty.types.d.ts	646	1889b3b62a9a6dc8f0260346f26e863c93a58e5171b426413dc5dbe910a94b5e
core	components/feedback/DzEmpty.variants.d.ts	2863	3dfa72757684108a6a5f2245539b887eb0b0767d6d9eab2e7ea483ffeaddec95
core	components/feedback/DzEmpty.variants.js	790	79d6caca8468cf5830553255a187ae5f62b6dee055eda2f34b695ed406caabae
core	components/feedback/DzEmpty.vue.d.ts	811	0b2bcd5502d35fefb08b2b0d75d4cb847959f064802c218d8fba656d9edc51e3
core	components/feedback/DzEmpty.vue.js	1660	883b039ca277cbae90637f75f8773dc41db6bc4baf42c48ce597b4d0bced6c67
core	components/feedback/DzEmpty.vue2.js	61	b9bc539c741e1b5510fd1fdf4c0d21459f501e6cb10d0503b1775a7feb69dae4
core	components/feedback/DzErrorBoundary.types.d.ts	898	3989e127d232fc12b676934e9f279ccbfc7e41886dadf45afe4beee69cdc29a3
core	components/feedback/DzErrorBoundary.vue.d.ts	1024	3e7f5963b87de575ce9b22e05b2959db4c5f34e1748420834d4f67eeb4884792
core	components/feedback/DzErrorBoundary.vue.js	691	840a88a09d6de4ffe4340051b89e085dc4d3776a4250bbde3c402c13e60831b6
core	components/feedback/DzErrorBoundary.vue2.js	69	6339f8563c22031acb7b4723c2186f5be01e01b21dc8441938dc8fd0701ba68b
core	components/feedback/DzMeterGroup.tokens.d.ts	2239	091d312139b546aa368d0813480048776ffd556957ba934bc8e49356aa9dcd51
core	components/feedback/DzMeterGroup.tokens.js	1630	da73a10c76272537eb846bad88671690331a067c1953cbdae77c5b898a7538c2
core	components/feedback/DzMeterGroup.types.d.ts	2589	62f3931b207f0fdf4bb5f94908dc0f28651bf18dbee75477bdd102e7de63a073
core	components/feedback/DzMeterGroup.variants.d.ts	4927	69615cbef50e27883dd17f508cd86d5dbce8025059e0572f8be513ea1f8b62e7
core	components/feedback/DzMeterGroup.variants.js	1902	e6811c838e45aa8b21026c4590dc98884fb52be2588cafe9db893ea1643b6d26
core	components/feedback/DzMeterGroup.vue.d.ts	1081	6198a36ff8137ed68980026f6e6778389c9903d0410326edbca7dbe920385a62
core	components/feedback/DzMeterGroup.vue.js	4300	c924752ad8548cbc85570dbbfccd1436b83f865c044645877c3c0639d222a27b
core	components/feedback/DzMeterGroup.vue2.js	66	4431426a1774a9dd0d30f688cbc3f1bbc85e54f77c6c15b148af495af74f7bcb
core	components/feedback/DzNotification.anatomy.d.ts	2918	7a26d6e1d57dd5070729db2541e2e5050dd88a6657a034b05b47a6574dc7a414
core	components/feedback/DzNotification.tokens.d.ts	2009	4c97fa9942530bbd6dd288c721e8b41613e816ada2b8b9c0f59c667b9916acee
core	components/feedback/DzNotification.types.d.ts	1484	3c19c7b16272e61d954e8f047e9a13c46d6340e31e250d22015f3c005361e9dd
core	components/feedback/DzNotification.variants.d.ts	3017	6dbb7c9c6b026d3e71029deea2af1977850d9e84333d8b78b6c4895007cc6f22
core	components/feedback/DzNotification.variants.js	1680	ca0d00fc826ca78968a120ab01f03c8f06bae5c694c093142adc4fb2fbad02bf
core	components/feedback/DzNotification.vue.d.ts	1086	1f0863258eaa26f73a1d4225efe106a0af1a885b4448fc1c24751b087044abb6
core	components/feedback/DzNotification.vue.js	4473	7e1591399c8b5a47d6d8eabba3a61b43df9d50a7a506aa772ebb9236f2229855
core	components/feedback/DzNotification.vue2.js	68	e197f8d763ff0f457cf41af675f1ed7c91a165928ce9b99dc5abce4018e3522b
core	components/feedback/DzProgress.tokens.d.ts	2127	53d1516ee5e891df3e24e2010f3a455336f0557c648d759a6902d04bf092b600
core	components/feedback/DzProgress.types.d.ts	877	7f4311a735d8f4a4ea383bc22f04a9eb985383508e6628f71e315f641de9d460
core	components/feedback/DzProgress.variants.d.ts	3785	239897aa6b8623151ae0a26a7adc89c1693952d42d110f52e2197cc539f313b0
core	components/feedback/DzProgress.variants.js	1244	6e4af645a725ac036ab98d6d578f20abde78869611f26cd9bb675e7693933812
core	components/feedback/DzProgress.vue.d.ts	1061	84d0922ccfe805637de9bfd1b280672bd1cd35da4e2621ad9c65da8964c69a05
core	components/feedback/DzProgress.vue.js	5096	97fdaee788e31280f53dac2437d0e7459de5028c1a01bd7364119e0edc7ddbf5
core	components/feedback/DzProgress.vue2.js	64	ca94560a0057f351113fe335bbf776ebf7f5c91571d576ed7a414b156aeb8431
core	components/feedback/DzResult.tokens.d.ts	1355	4ef3b897413803b05ceb079ffa176115f9a10ac1182ef8f8b43c6cc347b306d0
core	components/feedback/DzResult.types.d.ts	812	80b7bda70cb852de9ec28e37604cde8d9bb77ba7fc355acf95d440744a8386f5
core	components/feedback/DzResult.variants.d.ts	2457	2f4711d3c18e7d53b58259cfff33dd7a6bae093614a60e7d05f028074e575746
core	components/feedback/DzResult.variants.js	1012	75b42301cfb76d5cde37bb0f56198dc360040070edb120e3f39b855f7b6da0c4
core	components/feedback/DzResult.vue.d.ts	818	005c78c7a2de5a15496d03d236e29f87683b8e8d2e597b8f324dead2e43b64b4
core	components/feedback/DzResult.vue.js	4132	fddaac2f77e63874c987646b4e00fd374c32f86bdc544777ccb2d74a78896500
core	components/feedback/DzResult.vue2.js	62	368d94ea00db9edff880ed73638735436879c2531852f91cb7300ee524a89814
core	components/feedback/DzRunStatusBadge.types.d.ts	633	1b0b62ca4241001bf7fbc89de374504bf29ab679d31dea159f667584985c1923
core	components/feedback/DzRunStatusBadge.vue.d.ts	929	e40fc033f9d1c31553c4de35f77d212b3bc26cd033e483c13dded27f6efb3b1e
core	components/feedback/DzRunStatusBadge.vue.js	1701	ff7f3826804fd199657fabaed27da7d137497e3df6caa1b33e67ce796b475ac9
core	components/feedback/DzRunStatusBadge.vue2.js	70	a154b79b7d2f83c9bb9d524f7531b17ebc3e2e25e50449cd13608187ff2a740d
core	components/feedback/DzScrollProgress.tokens.d.ts	1156	d7a83a2e205201e6ad46fa29bb46f6dd906373b4ab4d942494f37fae9c9c3e1b
core	components/feedback/DzScrollProgress.tokens.js	594	da3da8e3c8c37ead62ce84eba3ac4f9e4972211bb2703d533bc5be1d4d2945aa
core	components/feedback/DzScrollProgress.types.d.ts	1573	2aa2eee575bcfe57440806a4a9d07ae75317bdcf6d054bc7d87de04565b4de33
core	components/feedback/DzScrollProgress.variants.d.ts	3387	922783b3a07eeed673872db7a843fbd8666c73a3bfa2ed536505ea6808225700
core	components/feedback/DzScrollProgress.variants.js	1694	a24b2f9fb68059f225b358a00414883235409cb866aafdc2b069b6be1a21845f
core	components/feedback/DzScrollProgress.vue.d.ts	1258	8bba3981ada53b7bc654b3e470709e3e8f025f51ce23f91f2bbd3c04c5c03875
core	components/feedback/DzScrollProgress.vue.js	4327	2ab96a9cdb6e922e0b070bb56b886a323bad67640f33477057dcc0a08240b10a
core	components/feedback/DzScrollProgress.vue2.js	70	d1c855627ea3e40e4bcb7163000617bb48d3152782b7d33eab1b7ee3d9f535f2
core	components/feedback/DzSkeleton.tokens.d.ts	822	2aa8418cff2dd73c70408eb8e28f6a25866eeeda333d1420afafdf3e46420cec
core	components/feedback/DzSkeleton.types.d.ts	639	7651e168f1995a83c62ff39142d420896e246a483ab1e74fbff177f0bfe23785
core	components/feedback/DzSkeleton.variants.d.ts	1721	1cc7267b521ecc07768037d728b5ee19005c6c38a377d981dc1f9340674e557a
core	components/feedback/DzSkeleton.variants.js	458	2d24869ba809bbefcfa47eedb3f453eeb553aa7b62d09676f6bafd963f622370
core	components/feedback/DzSkeleton.vue.d.ts	547	663372fee2a2f133a8010017a00009aca0e855107ec5f553591ccdf16b0987c1
core	components/feedback/DzSkeleton.vue.js	1680	0f8d97c6b2b8bb14384df5626d78d911fe9f1b2bc90adee3fa2e6b666fa34f90
core	components/feedback/DzSkeleton.vue2.js	64	2e5ed14de35ed8a0dba52ad222dd8b4224e920dd5caa82057189113324d12e1c
core	components/feedback/DzSpinner.anatomy.d.ts	2434	e1202ca18c056c0d16c76508659f476cfb8c82b0199b857d09d0401cadf875c9
core	components/feedback/DzSpinner.tokens.d.ts	1437	19fdc72bac7d230985ac2681532e252d6ba04848bd41a9ea8a90b01ebe67b35d
core	components/feedback/DzSpinner.types.d.ts	304	a71cd90b2e1011c913aa52258c628f2dac2ae0e13c0a4b01a9c32c35570a386b
core	components/feedback/DzSpinner.variants.d.ts	2708	ceee581b6ee27a8c6f26d8412573be44dd3e7cd99238502d30894e88e44264dd
core	components/feedback/DzSpinner.variants.js	626	b669a3f25383809407d5e21c1f577f32a4724da7e4a2f8549660843cb8c1c1ce
core	components/feedback/DzSpinner.vue.d.ts	537	23bf5f7dafd60fecbcc2ef098e11cd217021f5acfb13c5c485518e55a75c9b64
core	components/feedback/DzSpinner.vue.js	1904	9dcba476714b418c3eef79bf1fefcc989dd58f23c025e845d6efe5256cd6a17c
core	components/feedback/DzSpinner.vue2.js	63	badeb2cdc6fdba5951778dfac005b0fd5f116d479b6cae2386231de2d8a34110
core	components/feedback/DzToast.anatomy.d.ts	2876	1ecbf2bac2f8fb40ba5f5cbf76070731b4e15b7b0f9c6d3f94631e24a190f418
core	components/feedback/DzToast.tokens.d.ts	3876	91669c64e9041ae67e5765fb2476e033d8df8d8be4a172301ce89ad0bb22c705
core	components/feedback/DzToast.types.d.ts	3178	a4ff91210c24331d63d542dfb4d2c8a628eebe18efddea80a3d8fbea715f38d1
core	components/feedback/DzToast.types.js	78	e72f3e3ed5adfefa28bc5517fc52f02566558549440fbdc60652b30b03f0cea9
core	components/feedback/DzToast.variants.d.ts	14656	56c801a7a6cd97bd389867e4b1e888f357cc4ae7c4d0f58e3ba0feb51054c5c6
core	components/feedback/DzToast.variants.js	5104	33c38dcafc2243dd4017f5d724de1c69dfecfecde9582cba5d61d31e174809fa
core	components/feedback/DzToast.vue.d.ts	1125	95bed1c62c9485d6a5f7306ff3fafa0e010f5fd745ea1474068dc4ef06b01b40
core	components/feedback/DzToast.vue.js	4161	1e85b220b10e7784000f2cdd05dd5f683bbb6f780f3053ab72e6813eafc6ec31
core	components/feedback/DzToast.vue2.js	61	8dc451d1788d2214f6cad3f625b03686a450641802f92fb32ea148b53c08636d
core	components/feedback/DzToastProvider.vue.d.ts	959	914345f226944f7da7dbb41e4ab95b2f0e95a2ef5deb173bf0a0eb5b467ab2b3
core	components/feedback/DzToastProvider.vue.js	1304	7c306292de282074b4dd3970d7ff50945eff14ad88e435788cf60ee16ce20458
core	components/feedback/DzToastProvider.vue2.js	69	3ca581eb5f3354a6dc1fec5e573e43846b7110cd05db5c361a98a31d9ba2a0cc
core	components/feedback/DzToastViewport.vue.d.ts	966	5da1766540d5387110587e7eb2461452ed1c0114477f014cea8356e5a835ce7e
core	components/feedback/DzToastViewport.vue.js	1220	c09153f7c2685ef0ee23021162d285b2f7b2e46ed7d9333c577c2f7d31c0a03b
core	components/feedback/DzToastViewport.vue2.js	69	2a358cd255d06b981d9eb30656e001782be8a91ba4d92c1e96054228e35cff20
core	components/feedback/DzTokenProgressBar.types.d.ts	1095	f8e554d6d1670a8edc7accc3fd657f63794636dace7127cb817c9db015610fbb
core	components/feedback/DzTokenProgressBar.vue.d.ts	915	f1cde72aec1f164465055b5b5a7070a33618660080fd71d9193643d98b9c5569
core	components/feedback/DzTokenProgressBar.vue.js	2326	32e38f9fc1454f0f2b7ebbab37af1aef51060f9b61e5c3dd7b3b3bf82172f184
core	components/feedback/DzTokenProgressBar.vue2.js	72	97d4199ea4ee8fadba458eaa46fda508ba4d5c7e1f7950a74fb9c2119f8f631d
core	components/feedback/GovernanceBadge.tokens.d.ts	606	cad0fdccc99c6dae9d7934b2d225ead79eae826357cd97ea1cdb0360c87e9ba2
core	components/feedback/GovernanceBadge.tokens.js	274	49584b3eef76a33ba5bd17c1cc3bc781313e5ca6ebd41d3df99d8a27444e3d13
core	components/feedback/GovernanceBadge.types.d.ts	731	4a4f80a11350a15cf5a06ff06554a898bea0b61ef5bb77dbf4106cbda9c2d7cf
core	components/feedback/GovernanceBadge.variants.d.ts	2193	844801d7b785ad445fff6ab82e5284be81e2d5646e6ed4cd8e06b94339d39299
core	components/feedback/GovernanceBadge.variants.js	1304	d2267319d86adad06116c6f0debfd74e80cf265c747b2e418409404ca8f83e65
core	components/feedback/GovernanceBadge.vue.d.ts	978	a8e2103ff2b1faa653a8cffcff32309d6eecefca16d23fd271208fd292f16896
core	components/feedback/GovernanceBadge.vue.js	1538	565bfcbdc564b0646867da247a68296a748ecb818c147ffa4ccd0d6fb71c6c8c
core	components/feedback/GovernanceBadge.vue2.js	69	86392b7a92fb09a09f25ef0c2252e4af200fc66e6d170789616bade1b60d62a7
core	components/feedback/TeamMemberBadge.tokens.d.ts	276	fad49924aea32c424b5544daa9db5cd62cb03848a274f49c44b450f9f314b05c
core	components/feedback/TeamMemberBadge.tokens.js	207	778a209ea9844e033310439b6c9c354b0bd81d5421f7137f84cef398380c5625
core	components/feedback/TeamMemberBadge.types.d.ts	877	4a70d6c2f893b5e48126ca20196ddeb271b4af56c6e6c5a40947e4f424c1fd61
core	components/feedback/TeamMemberBadge.variants.d.ts	1535	220c696e06a2ff586fab6788e7c9874afc183a078dd4211e9db9bfa76c810950
core	components/feedback/TeamMemberBadge.variants.js	615	cdc9cecc12941599e139d2b9aab3709ece53efec3acd407304148223c034293c
core	components/feedback/TeamMemberBadge.vue.d.ts	922	0f4c28a0459611cf85e2674355e557c3e1f0ce99e414c7bc15991b2b62f83874
core	components/feedback/TeamMemberBadge.vue.js	1447	3ed7b18661fe2869de8e7fa2ba3b4679f666f3bcf8568ad09ab6f2afa1856e28
core	components/feedback/TeamMemberBadge.vue2.js	69	eb927dd0f59f68b4a7ec7bd40e8f89bd8460d728c5fb6f7a9002fb5fc72b1546
core	components/feedback/index.d.ts	5423	21eab873a296fdb55e15773abcd9a9acf7ba852795076b3a765ded817f1d4251
core	components/feedback/index.js	4408	1a536a14f2408eaafb5147d9bf7f9617a4f6155b015b843b430b809a45b40625
core	components/forms/DzCascader.anatomy.d.ts	5973	6b37aa9f56fa00f7443d72f7ceb2ca53dce13ae3386a7f6173e1dc7f0667862b
core	components/forms/DzCascader.tokens.d.ts	2867	dae22118d6df16c742d80682b64d6668e4914c72dfcb3986c7d89b13cd9456b5
core	components/forms/DzCascader.types.d.ts	3817	4f0bae8278c1d2c05fcc0565dc69e98d1074cf2ea666450cf80ccd5d291e08b9
core	components/forms/DzCascader.variants.d.ts	11827	a37cf329af9425e82a5d01b2bf585a67039e59ea294475009b70ea430bf8b756
core	components/forms/DzCascader.variants.js	6888	dce700727bbeefc70414cad9394e1dd93348b9d00a648cb96db84762782b0976
core	components/forms/DzCascader.vue.d.ts	3178	5e5d37e51099b1820242f0b665cc2a542856729d4cf0c49e6ca48955f1f298f2
core	components/forms/DzCascader.vue.js	20007	27e97d5f56b9b8f87b7fad03a6ffd79f829422465eb4265ce1cb2d0f140183ee
core	components/forms/DzCascader.vue2.js	64	818be5310a5d06322433ba48157879d8fed7cd4644fd074dcb7cb11e82b35b01
core	components/forms/DzCheckbox.anatomy.d.ts	3127	68fdbdc113902a8c5e3c33621de37eab68aa4c211ddab8da0568efc6996bb013
core	components/forms/DzCheckbox.tokens.d.ts	2068	637ba577b9369d3b0cb0a22404fa1d03f65cae03a31b1be3dc2abf49e98e7713
core	components/forms/DzCheckbox.types.d.ts	1237	ed550e8ae827de07e6f422184cb620388ec73bd13e8065cafba13437c784f76d
core	components/forms/DzCheckbox.variants.d.ts	8888	237ab3a45bba2c6db0273a6b57483d50fa39449ef93d04fb75dd30159f756692
core	components/forms/DzCheckbox.variants.js	4065	65737bdd421a666a936ec3e0f82ef08c43d056cf5b33b5a9b89f13c0c2035e37
core	components/forms/DzCheckbox.vue.d.ts	1657	2a2c3cb56ad80a85629532a9ad9df8dc05771cdf47ef456a11ee7f7f35430a61
core	components/forms/DzCheckbox.vue.js	4602	6662d7587a4da0fb7cb5d3568be762d0d9e16e36014a06f685ddf1c0eec9ac55
core	components/forms/DzCheckbox.vue2.js	64	dd3de148a27a536c521268a5bd5731e9b2ac7c01add3bdb1cbee465d07ecfd76
core	components/forms/DzCheckboxGroup.anatomy.d.ts	2515	635dba13fa142ea0d75f507dde5d6b94f44b9d39e9b22845f5d01e23f156a246
core	components/forms/DzCheckboxGroup.tokens.d.ts	537	445938adf5cdd2ff3c143296ea15ac98ef1ee72170b71ad02afc32635b6da186
core	components/forms/DzCheckboxGroup.types.d.ts	1365	df1197555af37bf4eb1bf7ce7f948a71dde11a839ff78e7a6fc9fabb51407dbd
core	components/forms/DzCheckboxGroup.types.js	96	5f4df21a5440d3b4ffa03da358eda96bacbd69850e1fcefe488149f7516d40c1
core	components/forms/DzCheckboxGroup.vue.d.ts	1473	43ea83060f095581f349a90277e1406eaef646863a5efab1ae6bd11f046d5401
core	components/forms/DzCheckboxGroup.vue.js	2681	be088cc6244d6e2adb6c726b1ae1f9586d7f9083805fc689fa3126fe22971941
core	components/forms/DzCheckboxGroup.vue2.js	69	c698c204ee730486f54984b6d1ec891e13a5b81b173c78a32108b65d9c8b3adb
core	components/forms/DzColorPicker.anatomy.d.ts	4726	4e87a087759cd90d997f9ba78fe224afa1d128c58a9de362ecde7cee4a8d2535
core	components/forms/DzColorPicker.tokens.d.ts	4060	58f206bc94c8844c62ce0f6d0abbb49320fc59fdadc816072e6b3e1123dbfda2
core	components/forms/DzColorPicker.types.d.ts	1339	9b4d0c498b08270a26e2ce85183d4e4f6fdd55e5c6c5995cfcda2a2bbe469ac9
core	components/forms/DzColorPicker.variants.d.ts	6562	8811e7d6bed2620f27b5965117a40c9599c4e9de17e536c4d11eb2cc9fdd967e
core	components/forms/DzColorPicker.variants.js	3304	eb982a9d600317703115503a2ef968e25c2d3bc51ccef68a4e73bed94e334845
core	components/forms/DzColorPicker.vue.d.ts	1960	738165547b99f6e666511d89126d990e5ac616b4bbadf497d225a507b7e8e085
core	components/forms/DzColorPicker.vue.js	9108	968a2246f37293358e91e8ad4a427b97533842be8c0d3d8c6ff8b0a8c6d1e7b6
core	components/forms/DzColorPicker.vue2.js	67	0801f42875945bc1198059ab961b895c3cc7fbaad217ec8fad96bfa6dbaae86d
core	components/forms/DzCombobox.anatomy.d.ts	5324	fd4e27af586c9e595839d32362ff19323a04c94677635957894dc51f7d29aa81
core	components/forms/DzCombobox.tokens.d.ts	4070	8c634b0e2a8e78de0aa4ed005e4e96b476f37f519bab97d6adf6044826a70153
core	components/forms/DzCombobox.types.d.ts	3981	99c261a1708643f64f9562751cf35649ae6e3f60c32dc39a772bb2019715178f
core	components/forms/DzCombobox.variants.d.ts	11897	28fd176f7d0f03aa6b5fc73fe83dc1e46b41f63aebacdbd40977855bb001644b
core	components/forms/DzCombobox.variants.js	5500	370152b3bede1b7bea15941a23be391f305391cad1f52d44222adcc1acb42629
core	components/forms/DzCombobox.vue.d.ts	3168	33e4017fa5f361f6cf7323af4ee3f8dae8a48f6c7ed1350acbb5e8573cb77ec8
core	components/forms/DzCombobox.vue.js	14770	3618a9ef173e2569d2df4dbcca63044122b0b8efdac5ba535d60952de746024b
core	components/forms/DzCombobox.vue2.js	64	34bd727173e92627b26fa162a41c697a4f63aca92da4a7e327b44de2857219c4
core	components/forms/DzDatePicker.anatomy.d.ts	5783	bd271d541982ec9eea69f9d874e8fbd0459d4bf71f2e032e58ece645d70a757a
core	components/forms/DzDatePicker.tokens.d.ts	4220	c85191a5f08730336acbedbfe98c7e4fff5b3416fa39b6d656ee316ae1c726ea
core	components/forms/DzDatePicker.types.d.ts	1539	468b5f9cc4cadd8a2365a6719b026e2ad2b32c0112d37e11b51d62a493669935
core	components/forms/DzDatePicker.variants.d.ts	10745	c55187676c04ca217366d0e5876fdc44ea0211a14f95395fbf70c9a6fe5d983e
core	components/forms/DzDatePicker.variants.js	5110	a0ae6480875129a2867ae53bc826ff9edaef398c2e5ac60bae26e9750f8a5aaa
core	components/forms/DzDatePicker.vue.d.ts	2195	8f5d726f555be168e0603fed4d9f6c84d8e4cab00c87b0efd18a68f7824a62e4
core	components/forms/DzDatePicker.vue.js	12097	2058098d3b60fb10ce5d974d73eccdddb9547ef843625ddcc9f67905f9477446
core	components/forms/DzDatePicker.vue2.js	66	a93d534fde07d598ea719f4fa9ba552df4759a322945b52fe87ef105b7955d3d
core	components/forms/DzDateRangePicker.anatomy.d.ts	4205	f29368629f86fa03fcf537eeb3e373c5e064a482e2d435768b237879d4aedbe9
core	components/forms/DzDateRangePicker.tokens.d.ts	4564	4d13fbe1cc2bc1a8861f29d9ef898dd0170a1cf458b66edb7c44f14d70ab569a
core	components/forms/DzDateRangePicker.types.d.ts	1745	03a90535a465a69437e2c635de0da9e2a50bff7310055cdc79c1281cdab9a191
core	components/forms/DzDateRangePicker.variants.d.ts	10829	6c77233e8d8cf3211144a7754314bf073a95a6c07e2f4937f62a4f84a47556cb
core	components/forms/DzDateRangePicker.variants.js	5245	dc58692ce9418484eadb0b0abc5181537c9ac780c82e68b5eb3a075b0e000982
core	components/forms/DzDateRangePicker.vue.d.ts	2297	2c7e82a05cffee7290a6a174c71a98bdfeb8895d1d00fd36ee68f23a80b9c2be
core	components/forms/DzDateRangePicker.vue.js	13439	34760aa1a8b9ca25f337f15582923ca7116a078d3e9b7956330819b5530e508e
core	components/forms/DzDateRangePicker.vue2.js	71	a6744b3d17649e87c5e4ba634687fab28a9c3c887ebbc77e013ea302a422aad4
core	components/forms/DzFieldArray.anatomy.d.ts	2793	e51ac1ab3c34c9306f43d49e5ea5890ddb9bc868a199fa04a90c386d6b1b6416
core	components/forms/DzFieldArray.types.d.ts	3255	8407b4a4d5a803bbf01f2d7ed9fb00e31285602f21c8094f887c6eca3d1c31fa
core	components/forms/DzFieldArray.vue.d.ts	1500	04a177d37a5fc4a87230513415eb24486ab408dac75c7aa044a08fdd9df9057e
core	components/forms/DzFieldArray.vue.js	2167	ed9b0bafd9499d8a2d84b0213cd85f9fa394235fed88d703c147b0932c6d8a80
core	components/forms/DzFieldArray.vue2.js	66	341d46ba9d1a122cbf60d63b99ddb1029d9e69d78c537fa65046d34677a3a8c6
core	components/forms/DzFileUpload.anatomy.d.ts	3310	b3821d3b972815a222aaa354a385700c4ce4d5703868a77a0e3630db18af818b
core	components/forms/DzFileUpload.tokens.d.ts	2944	02be96b7bf517205778c260e8b350b30422e380cb8b7689a88cd989239bcb108
core	components/forms/DzFileUpload.types.d.ts	3390	467865627bc260a23ae9f49e907e56ad4d17bf722eae9c2b1022ca08f36c19fb
core	components/forms/DzFileUpload.variants.d.ts	5549	03c319be1e6c7a1782805555a9ee6d561e73075b1c564341ea3a9808790f143b
core	components/forms/DzFileUpload.variants.js	3516	e9265b8929eee7800bef1d4331f05e9eb333cd4b843d4bbf0f656d8bcdabd04e
core	components/forms/DzFileUpload.vue.d.ts	2373	32d3066114521f25502f413617f028bdee17bc67e1e0b9207976aa9f3473f993
core	components/forms/DzFileUpload.vue.js	10967	fd03a696fdf6f21c482f488971a97331070984cd18e3a8038599c0d3efbb34c8
core	components/forms/DzFileUpload.vue2.js	66	1586d172bdfa9bb3ed92c7fdf8fab162c9a1947ce49fe562d8f1bf02ca1a7690
core	components/forms/DzFloatLabel.tokens.d.ts	1343	2b54fd629a1b241c9e027fd09c001dbd3e720ee6a17972117376d94a7828cb4c
core	components/forms/DzFloatLabel.types.d.ts	2130	95c9cf7445c5477afb0cffab0b5be1f44603afad8b5c2e35af7614b627f35cb3
core	components/forms/DzFloatLabel.variants.d.ts	1801	1a68a09550e3d7210f7811ab32d870f590bfee928119fe3097ff94e6d7e70f44
core	components/forms/DzFloatLabel.variants.js	1846	9e122c0193d0504d6246d9d3bb9de079a281dd5266e12fd929542594107b92e6
core	components/forms/DzFloatLabel.vue.d.ts	1336	6db92b37018bd547a618a0ce126d78087de601b168cae2f4fd2fac77d7e331d3
core	components/forms/DzFloatLabel.vue.js	3236	ca9d4390007e1cf35d42515d546fff439f069d9b8f1b56d6233fc4ed6556b65c
core	components/forms/DzFloatLabel.vue2.js	66	65d45c0790371843eb52e7e70259ab498631dd985ea15be1b95638466a2e085b
core	components/forms/DzFormDescription.vue.d.ts	969	d57f7fd96eb7fe93c45fb2e07e7a12734769a49ac4523fb069f6224c99a99619
core	components/forms/DzFormDescription.vue.js	817	b5c90fe98b9cd682d9fe28f8314fd199a102bbac6d0eb9c49c50fcb2f5e6af8f
core	components/forms/DzFormDescription.vue2.js	71	84651cdda0614d36770aa0675f710123dfe9d04ee1f5006e260f5a334a0a5e37
core	components/forms/DzFormField.tokens.d.ts	1169	252181bb55bda959243889efcbaa54f4f8e04ba94a1ff9484374e81b71a6509a
core	components/forms/DzFormField.types.d.ts	632	8ad5811ee29159cdfe0c0a848d2cdc717e7415271b3df54cf8805e1cfae257a7
core	components/forms/DzFormField.vue.d.ts	943	ff130b3555d67f4250063c64047e68f898bb1d4419e2cd837f3085d00d064e5e
core	components/forms/DzFormField.vue.js	1986	62e33dd2f706bda6dfcb0c65f08173198eff91232365d6868719ba688bd92869
core	components/forms/DzFormField.vue2.js	65	78cd3bc40ea8d3e4c18af03ccf4f4b16d32ec304765734f19fea3b527c73a12c
core	components/forms/DzFormLabel.vue.d.ts	983	46b936ec5e84bb6060a6e1bdd818afef7bde4a99ae8c8293e540483920f675e7
core	components/forms/DzFormLabel.vue.js	1321	1a7d0b53e5c8a02432872f8c9847d6a5a7d88fbbd6422dfeefe0d9f7dde5d456
core	components/forms/DzFormLabel.vue2.js	65	9895c1bc2d47da9dc55821bd0f365f2cbca03df7c63f6ec35c65ce7728af319b
core	components/forms/DzFormMessage.vue.d.ts	961	edb54907d4175b38108586f6fb0a5be166fa713dcacd8a0106e8bea59a282af5
core	components/forms/DzFormMessage.vue.js	1123	9573a5c92054bf3888b32a624b102cd9d54b01298d5f0b3e2c6894b912f04e8a
core	components/forms/DzFormMessage.vue2.js	67	444aaaf186e2f34d78b7f733eaa9ed0f58c082629b4cf276e1f89ed45b5c9170
core	components/forms/DzInplace.anatomy.d.ts	3243	30217dc8a6a62c21938641ecbfec3a20ba4ca53d9605a945018bf7d90fdd3dfa
core	components/forms/DzInplace.tokens.d.ts	1137	65649f806e9a9ca39f28ad792fb6020ac6111287c37148afe5de6fb8cc51c230
core	components/forms/DzInplace.types.d.ts	3053	834076db47412e370acd06fe9607b42a073f99319445ab86a361c1bd28077c26
core	components/forms/DzInplace.variants.d.ts	1296	8077a0d31dfe261d729eb8e8464ad3acbcc3744d0b31b30a13ea3f49231a2748
core	components/forms/DzInplace.variants.js	959	b58eb9fae9b3292bb2d91fec9e1212bb601ee6e740e5a7c4c0ff8ce9b9d3ea2b
core	components/forms/DzInplace.vue.d.ts	1845	f71178273aaf1183b4c7591a46d9ef4833ed6aa8df1415179eb23035312be6ee
core	components/forms/DzInplace.vue.js	5471	01e4ae82d7c6259aaabe7d1a27c7d8fa6236931560a41fdfb2200c3acfdc3d8f
core	components/forms/DzInplace.vue2.js	63	e2029bcee6e93447ce2eabf0b381463f386c1daa4104fc57f11984364f7a6a02
core	components/forms/DzKnob.anatomy.d.ts	5192	17029f445707e1b7bf8db442881473c54638946e63edfb360e845b4868ad0bf0
core	components/forms/DzKnob.tokens.d.ts	1464	f00835ef22c58224646e4126f5422bb4cbe2f07622bde86c002b94cbe465dc70
core	components/forms/DzKnob.tokens.js	171	8b011b8f5c03713d90a279358c0ad849ddc50a2d8989207595cd1ba7da8c57c2
core	components/forms/DzKnob.types.d.ts	1323	294b1f4928623ff95c33bbdd9a0e3d3377a2c42feea6f9298462139bd82d5acb
core	components/forms/DzKnob.variants.d.ts	7399	895282626c62aecf8f7c9c353d78d6c471d7842a0540c1a4fa95382d058aada5
core	components/forms/DzKnob.variants.js	2014	31706f76c8c4107516736e912fb333cc798e6982a115633732e0bb4cb3d06621
core	components/forms/DzKnob.vue.d.ts	2316	5f1250b3d5711cb4ea0eb15569480ef70629b3a31e6fc27c11c62eca8becdcc5
core	components/forms/DzKnob.vue.js	9341	d2490d2dd66eba5355b8d6a1d167b2981363604be326d6915eb4b4c579040ff7
core	components/forms/DzKnob.vue2.js	60	2982c3f56576c08631ec4b2948aee3ec9229b05867a6f5faf3510d8651ca3313
core	components/forms/DzListbox.anatomy.d.ts	4615	51731a25ac42966d6dd20cc22464238ac0b98183b58a834efd8794b1a815e024
core	components/forms/DzListbox.tokens.d.ts	3424	5be85c55e639b6deba86f4ff55f4abae4a3b77feb6c08e9e7e473d1cf5dec435
core	components/forms/DzListbox.types.d.ts	3702	98723a1a048d41aa0683a965a4db3e51bd5d043d5b3a008f69d40dbae13ccf8a
core	components/forms/DzListbox.variants.d.ts	7059	b148ba5bd0994f543bd2b50d34e356bcd5a948a84b24837097dee318f804edb7
core	components/forms/DzListbox.variants.js	4005	3101752c96a668899fa9849155d9fb8e788cc91a0b576b49edbdb853605694ba
core	components/forms/DzListbox.vue.d.ts	2916	ec2644b0bfbc4b45e80e063d8e57edc26d0bd160223677a684d53cd0be08d190
core	components/forms/DzListbox.vue.js	15447	585255a8850ff2c57f58bc30d160cd887571ca7e168fbe96b34668b5768f6e51
core	components/forms/DzListbox.vue2.js	63	7f3c7872d7be690a5cef4be60b52d6cc01c383f0b0cbff79c2abcd3cd3e02d50
core	components/forms/DzMention.anatomy.d.ts	5144	f54502494e39cab63e30e25155f5516232284408d092195b19314aeca605b24e
core	components/forms/DzMention.tokens.d.ts	1778	06654f6c17ee32237dce52f16d90392bfe299e72ec40cfc07e1af9434ba4e645
core	components/forms/DzMention.types.d.ts	4887	a3553c20528246f83803d5f823eb765663b073533fd3dc790385088905ffce46
core	components/forms/DzMention.variants.d.ts	6156	f468a81920b58b4b091adff7e0509a33bc7817359f7b7ff014f9e4affbc7d9ef
core	components/forms/DzMention.variants.js	4019	3712ab9cc210cfee4a8ea46478757711aebbf4ea1ad4425d38df4e303b06e3f7
core	components/forms/DzMention.vue.d.ts	3492	d1bb4ed191a1395052d26d716079817c4042deb7070a3c5a2f8a363cd26ce884
core	components/forms/DzMention.vue.js	19786	0fb97e90935913084235004e3663b47ed0a1e4a58ceb4e247b8257d60218ac8b
core	components/forms/DzMention.vue2.js	63	807d3039b6fb25e73561ee9f74e4ba659e8b02d6606b4636d6b1c415ac46f9c4
core	components/forms/DzMultiSelect.anatomy.d.ts	4390	579330a989abfdae12ff3a6805430e5c2a2f38b48e991bef380e0570beac1fc9
core	components/forms/DzMultiSelect.tokens.d.ts	4193	0625368eb763224003c3750f652ddd52ef9e084fe5ef4a65bca071fb5febfaab
core	components/forms/DzMultiSelect.types.d.ts	2421	b6b6e048b30808f92880325b679790d31b4f31607563ab276593b95ab8e0fd91
core	components/forms/DzMultiSelect.variants.d.ts	10715	3b5c50dbf09f9efbe1e1cfb52bf219e2517b547894265331dc02c8745626ef77
core	components/forms/DzMultiSelect.variants.js	5463	335a7d86cbcc6c4f5a57c9365b4a72c60f5fabda20b91252080cbc939f62a1da
core	components/forms/DzMultiSelect.vue.d.ts	2662	5d2637b7ee3498b9528cddbe6b1d64953207576adaa4a5db5df715da9ce83382
core	components/forms/DzMultiSelect.vue.js	12666	1a7b1b146b40c55e7a87861d5c2731e291377223671ea24d2112deb1a3b53e7c
core	components/forms/DzMultiSelect.vue2.js	67	ee0c8c70ca9983a0215f686092811122151c2257f2417eaec21a63fc2284170a
core	components/forms/DzOptionsState.vue.d.ts	892	032d4e9a18ce5378053d6bbaecbcf483178e0c424f5c843fe1c2f832507833dd
core	components/forms/DzOptionsState.vue.js	1825	970e1b1dd5850d2414256e32054e62cc7fd8db252ef5f52c351d61a433f90ffe
core	components/forms/DzOptionsState.vue2.js	68	2d8276bbfe5a94ee2ccf67a59935d4e3a410b062b92edc25901c355144feb645
core	components/forms/DzPersonaSelector.anatomy.d.ts	5712	6e318c36ef191af7c4557b93babe6f71b72634926b6bbef462f910e6e88e133e
core	components/forms/DzPersonaSelector.types.d.ts	2305	41786631dd70db028e72808560284a54092e09400c3b69c19f5f2e622c289588
core	components/forms/DzPersonaSelector.vue.d.ts	1660	8ef985dff46b7bcf7ac7e7502ae83ee24e7e50f592857788fc18ff5fc69f0ebb
core	components/forms/DzPersonaSelector.vue.js	3582	5fd7fbf6dda3fab0d6292d6e718217af877dd6c5dc4c029ef532a6723b2e01c0
core	components/forms/DzPersonaSelector.vue2.js	71	7a8ab155d43fae2f096d2d659a6f1d352fecd9468facf75467c56dcc747c126e
core	components/forms/DzRadio.anatomy.d.ts	2610	c5414b98958d6285602357298b899d79671ba9a0fdcd6242ca82397be16f5b65
core	components/forms/DzRadio.tokens.d.ts	2170	cbda46260ab52977bac245058a7780e8035d6c8c1ec51c4abd84349d62920d9a
core	components/forms/DzRadio.types.d.ts	763	4484d0811e9e1b79a161ed78b6cbe0bbbbf82185bda7c4f05fa593582c42b4ad
core	components/forms/DzRadio.variants.d.ts	8179	582d89a12af56a766ef1b8a1c13deea81a891d162e2e42cd8ca5505d412c1d5d
core	components/forms/DzRadio.variants.js	2863	5c1a885031346f5e0b63a511f66f5d813e12695e53b4be2c095040e52171d58f
core	components/forms/DzRadio.vue.d.ts	1036	1a930c1f533d9aeaa90b5c0502c88a8694b0f7e403d5be1d0fccb2a4c0dbb8cc
core	components/forms/DzRadio.vue.js	2960	c7bc4aa89f841e2f094fa39816a5cedbd18dc8d9e7d07cc1c28746e4927417cb
core	components/forms/DzRadio.vue2.js	61	8c5018bf39728e3ccfdf6ba1e9b8fd2635f33bbbd52a4e124183c1c132cab3ef
core	components/forms/DzRadioGroup.anatomy.d.ts	2997	b512c0bf7a2575a82798fe23bfc848012b10392b4ade3e083b49027ffb524d51
core	components/forms/DzRadioGroup.tokens.d.ts	525	cd0b183ef0d45e24ff594941da3149115ca2d53e3358fec860dd1bee9170a4cd
core	components/forms/DzRadioGroup.types.d.ts	860	913ae314027295b55d7757b7723c309121c2dd5cb28d0280f180b933e8296503
core	components/forms/DzRadioGroup.vue.d.ts	1672	ff897e2f8209efc73a57f78155ae8dd363ea5aa5abb7f078331e77ca9247be44
core	components/forms/DzRadioGroup.vue.js	3098	b59b518299549220df7febe27eed956c4004b78369910e36409fef039547aac8
core	components/forms/DzRadioGroup.vue2.js	66	5f6b52f154cf2762088c094d425a67ac204e3441096391d952101aeb8ae0bf71
core	components/forms/DzRangeSlider.anatomy.d.ts	4092	173380cbd79cfe35c209344e0a08b4d4c72bfd427c23fa7b7db2b0b6d98a5187
core	components/forms/DzRangeSlider.tokens.d.ts	2029	19da19da30d762852210617f2f8da994bc7fe9fb1a2b11cf970b882fdbabc75c
core	components/forms/DzRangeSlider.types.d.ts	1303	d3539b6e97ee9f49447eccacfd55f0010dbc0195f215e66cda1ed723400c47d5
core	components/forms/DzRangeSlider.variants.d.ts	12003	472799d6047f32294da01478db8344709ccd928a41e5855def3c8e4f4d31c386
core	components/forms/DzRangeSlider.variants.js	3300	5d381d70995efdc902ccb3a5dba3d78be414403852bbc75a221f2e91f8d0ac32
core	components/forms/DzRangeSlider.vue.d.ts	8545	e69eef1f938b51a40f97771ddfbb546dbbbf55634a1ccdff161777e8278451c4
core	components/forms/DzRangeSlider.vue.js	6335	29b625a9c3392f3e635cde714ebc37b295874ba6e9f221fa7234cc9e2e6d0df8
core	components/forms/DzRangeSlider.vue2.js	67	ffa2e27249d4581b256ae24c9e8f80a5187e4b5e5ff7f92a732fc72b1a4fc888
core	components/forms/DzRating.anatomy.d.ts	3531	f8feae54c1f7020c286159387b4dd6dc308bfe5d18dea60e77cb76b36a1e92db
core	components/forms/DzRating.tokens.d.ts	1533	586d4472d5c1b30325bac6e2634a2440a4c1fbb054af19ec5587a1adf11e1a53
core	components/forms/DzRating.types.d.ts	1407	27094e59e901621041ecaddbd22604afee6d3910ff88dffda3623d2665b5ce2e
core	components/forms/DzRating.variants.d.ts	8503	c83db37b292fd585cd06872d099c1aed754c52dc3f7b0b652e69d7265a2d9f68
core	components/forms/DzRating.variants.js	2288	33302940768ca6244f4638857eebb6e102b8e845dacd6e1fb950792f633b7fa6
core	components/forms/DzRating.vue.d.ts	2295	61b686e57219ba8e0e000ff03d1145f97d313014ae23a322103b9bc65c01d1f4
core	components/forms/DzRating.vue.js	8568	eb6578812218fb00e29544db921c9e9c23613be4771f57cc3586111bbf96a7c9
core	components/forms/DzRating.vue2.js	62	6ee3988acb42d55563bb3c76ce7e1d57509a08dd01d81576bd8dea39f8bdadc8
core	components/forms/DzSelect.anatomy.d.ts	6273	ab9c50135f4023f4f7a43dd40815da3923e4fdfed18c09a3c2d3189db0f24f0d
core	components/forms/DzSelect.tokens.d.ts	4268	0f3001683ffe498de6a674e419e319045cd3fac4ec99a49dc9648dfb740b9e9c
core	components/forms/DzSelect.types.d.ts	3477	8b31f31d4edd224d0e57d0834e9fb5b1f35786a6870e8433c86d006235516609
core	components/forms/DzSelect.variants.d.ts	11552	d66954a0816e9457b346c1bb90e88c2ff86d8887ca5f2d1e8cf5a7854e00b65d
core	components/forms/DzSelect.variants.js	5649	201be6eb4dcf1a292f12c8280e4d39a7dc17986a214bd378cf4e533ace399b3e
core	components/forms/DzSelect.vue.d.ts	2932	ecdc6ed3a10ee34eb3def215a3f38b15e238f56b90173e24095c32b00fae299c
core	components/forms/DzSelect.vue.js	13970	a2cede6cd7b6265882eeae9e70a4a3c39ae30558dbcf7ff322f6a608b9df0c41
core	components/forms/DzSelect.vue2.js	62	8bc38d52fe6ad9f4b38b0db3285c7da7a2bf3e2d611b829ec8bcb51c6d438dc9
core	components/forms/DzSlider.anatomy.d.ts	5258	15977454bc7681da335de064f68a0dbdd56c33a004452012b9f76e2336a7ff26
core	components/forms/DzSlider.tokens.d.ts	2046	4ea46ba5dd8239fc7d4e27da0700430124ab46e052e7fa408171d11d6f877a64
core	components/forms/DzSlider.types.d.ts	1268	39fcf9ef0ffd6c7c6ff0f2bea88a3df9aabbb0953b2b09cad8693077e03f2038
core	components/forms/DzSlider.variants.d.ts	12023	b30a0c2f6b4b92912efaa83cf5459049f71a88fafa22efbcff85e15b3742ed79
core	components/forms/DzSlider.variants.js	3295	bb7cd95d920becdb74f906381527a04c6ff199d7f292c8f65fd664b3fc953aef
core	components/forms/DzSlider.vue.d.ts	8459	38a433f82df375c2e8468ed3a01ea0c10e951077304300202ccc0fd93005a5dc
core	components/forms/DzSlider.vue.js	5654	24c037e491c7653fd84fe1b602b6fb2985b964a673e36c4f4d8694d850d0ecaa
core	components/forms/DzSlider.vue2.js	62	cdb79b78ea7f697af49e7d942d2674089e404b69b5f94b802e4cc74c3ee4158e
core	components/forms/DzSwitch.anatomy.d.ts	2852	dc03fbc82565ebfba6ce9f1a57b3d51fd6aa4afa96083048e347f41e84781e6e
core	components/forms/DzSwitch.tokens.d.ts	2585	94bad519811719eb9f337aedf60e682a0fd519adb54cfd0318bcfc740d234399
core	components/forms/DzSwitch.types.d.ts	985	752d6523865869c793679969768979b5c902ca97d7165d1ff6db7adcf3c60112
core	components/forms/DzSwitch.variants.d.ts	4731	d0f85ab9173066cae24f8431c96f5948ccbdb5d53c1d1f275c4b44e66a227676
core	components/forms/DzSwitch.variants.js	2028	d057b768e33a7de9c68c3545a127560f4fb80820d4d90ef6dbf01111cba1abba
core	components/forms/DzSwitch.vue.d.ts	1598	f46493f3c4ea3567baec2c39f6b9b9b7f6548ea53316cdc1292758a25e3f45cd
core	components/forms/DzSwitch.vue.js	3522	e96f678adb0f39f996cf7714cc79c8aea98abcb15e68c2aea2638e9c553a35fd
core	components/forms/DzSwitch.vue2.js	62	20ee5d4254832e8506c1086b1111c50d4ca95338aaafec05304e47338a3e40f8
core	components/forms/DzTagsInput.anatomy.d.ts	3104	f4bdde8e61491ab29d4a4c2950d22f15e64327f569f216b773f2af7c91478037
core	components/forms/DzTagsInput.tokens.d.ts	2387	f2fa35cb041f2d928a2bdf66920350ad63bab42fd68fe8ebaa39b442453f4a86
core	components/forms/DzTagsInput.types.d.ts	3299	68fc27be8f00576a5787fb49dd56d5805661033a977bc60026e9aecde86e9102
core	components/forms/DzTagsInput.variants.d.ts	7099	6d662573547bd6a8df1530a17c03c221e04b54c2075b978449d9c4f49d1f70c4
core	components/forms/DzTagsInput.variants.js	3067	7b27685a4e8b52bc07b11fb0169a855ef9edc1d0c383579e31866950eecb39b4
core	components/forms/DzTagsInput.vue.d.ts	2709	7d09e9b59fb8dc7b3f664573b474a283a3778012fb36176daf068ff0a577498e
core	components/forms/DzTagsInput.vue.js	9310	54ec4b33541e1d2e7ce640fde9e01f38c005136234c1fd021fea19fab67542ac
core	components/forms/DzTagsInput.vue2.js	65	13ad8886d1f02987b60b0377898f7012443a55e4f8559966781b9a88306e1a83
core	components/forms/DzTimePicker.anatomy.d.ts	4957	b7b13993f84bb13155b176a4ab8a5e22413f46e2f63f62bb855b4f6439500dae
core	components/forms/DzTimePicker.tokens.d.ts	2578	18f6eb08571e69579574f1a10b7a90394337307a4999ec1185d2aafab31d679b
core	components/forms/DzTimePicker.types.d.ts	2925	6c10eadfea0c577744080edcacfd583e32fffef6fda33a905b0d70bb3a0e4f33
core	components/forms/DzTimePicker.variants.d.ts	12126	fbfbddbb3a2d451b50812f439efe8f297d7cffb77d71d8a6da3e9508fd596d64
core	components/forms/DzTimePicker.variants.js	6916	27dea49858d0ca34cee7d90b680cc1542558d59b4adae5658e6c02cd20568608
core	components/forms/DzTimePicker.vue.d.ts	2701	d21210e6db5c62aeef553d900fd6218804cd0677b920b836cfe351b730d2daeb
core	components/forms/DzTimePicker.vue.js	22906	0d99591360db6bb1b73b45c71cebbdd48e3db6a67497f47d6277070a79c135de
core	components/forms/DzTimePicker.vue2.js	66	7b40cb3a463a6bee4bc4505ad04f5d68bbfdfaf1770a439d0340edc8e4c48c71
core	components/forms/DzTransfer.anatomy.d.ts	4852	4d344efd952475305d2fe6ae84373cd5e973b7a7be416fc2df817ab0bea39baf
core	components/forms/DzTransfer.tokens.d.ts	3818	9b806313f4918bd94406c33bf25043e4c088f8ef72d914f16983711b855239bb
core	components/forms/DzTransfer.types.d.ts	2696	00e9d46d4dbe7e7fe26865312669575f5ed65d45ae7d11898881f04acc6692d2
core	components/forms/DzTransfer.variants.d.ts	6122	86e5afa274f6c1700e2d7a02d8ffd1338ed03775e71ca266f1f6527710b37475
core	components/forms/DzTransfer.variants.js	4197	7f93ee6febbcfb25043d701564f6bdd23d3d57204c8ae861237d1fb807e396f8
core	components/forms/DzTransfer.vue.d.ts	2227	eff6d5e6b6f305175715999db421eb12dcaa4b51bb8114bcd112b67f01a8a726
core	components/forms/DzTransfer.vue.js	14612	2557c7d8da43ca641968894c6d455cd36b38ab4da4d903dc8c09e2e9429028d7
core	components/forms/DzTransfer.vue2.js	64	1efcff874277c59663a648c44b7840d75fa3febb4187508fd172e06c5c8ac889
core	components/forms/DzTreeSelect.anatomy.d.ts	6456	e0a0e82a3e9bff079d8d4e5f8aa3a17b8fb7e76a760eb0709d5c86a8d06017ba
core	components/forms/DzTreeSelect.tokens.d.ts	3324	36db4342b356370098785cd7167e93c2e899545fa1ccc2ae1a5021373ca57ed0
core	components/forms/DzTreeSelect.types.d.ts	3751	5413f9d1cd995980e4ffcade3ed860f05a838dd47126eae26b035af431dc025d
core	components/forms/DzTreeSelect.variants.d.ts	6971	306af5d11cd99440003a4b5396f007ed85d30ffcca6946c8a49b7b7d5932a9fa
core	components/forms/DzTreeSelect.variants.js	4666	7e7ef70a71814d2abd9a7df6e08d030353397fc2bedc14995b8d5cc26d93b6ef
core	components/forms/DzTreeSelect.vue.d.ts	2939	2000b1bc4d9cc531c587ad0ea4e317b105f3366b396d2af4fa7e48728a78ddc0
core	components/forms/DzTreeSelect.vue.js	19089	9deec76545a18b82bcdfb5cd39c54f53e8c0e825877e2362ee08e76cb61bd8e9
core	components/forms/DzTreeSelect.vue2.js	66	78d54a604273386abb42e3a7f34e3803639893bc10b7778d88e8e08f382f56c4
core	components/forms/index.d.ts	7388	4f22eb77fd098801ffd8f7757d2552cbc9ed962999003c8a07d049d297fe258e
core	components/forms/index.js	4567	6c56712964269f64c37889ddb9d20b7b69719f4cac39d98c6a56ed68a711fd2e
core	components/inputs/DzInput.anatomy.d.ts	4187	4aebe44515fc6ce7471f5b4dfdf82665be951f11cdb56639dadc408cdc4f2396
core	components/inputs/DzInput.tokens.d.ts	3292	6b18217f80d6d6eb7a0724061f210485f17fe297f5b74744366d3252ea4bfccd
core	components/inputs/DzInput.types.d.ts	1541	765993d3dc31b016778cbac5d5551c775d41dfa27272347a5dddf56aed289cff
core	components/inputs/DzInput.variants.d.ts	9696	c5ab7b622d8f29f0041bde98d4eda7a77c517a8bfe8f21bf2973e4a207d57037
core	components/inputs/DzInput.variants.js	4489	0196eebf081343cbcd4d01e34928de42494fc2e01b0e63a311ff107f5a5a7f19
core	components/inputs/DzInput.vue.d.ts	2242	88e3a91172b761fe5f3bad735b6f9327a54fa5cea1057f4201e8e897b5a3e511
core	components/inputs/DzInput.vue.js	7762	981dc6bc4c32cc82fba4ed0fc968a4fcbc1fbbc564ea8cae427831f4f3730df6
core	components/inputs/DzInput.vue2.js	61	fc1955e766267a53c0017c7e6f4db2ab0424cf88078736182152f3305b7aa8be
core	components/inputs/DzInputGroup.anatomy.d.ts	2062	2c558591e624140d0d1aad4a640f5ecdbec162418b56b5126910a47991adbf0d
core	components/inputs/DzInputGroup.tokens.d.ts	1679	7086c9f3db13732a8d3b76fe6b9e128bd02b6e0e7ed6c8deee3638b26094cedf
core	components/inputs/DzInputGroup.types.d.ts	1741	1045d2236456a5775bbd435c7a777a66bfe7a9504432403d2b867b3cede4f518
core	components/inputs/DzInputGroup.types.js	90	60234e3251ed3121b8b8ea0fcb71c70add7e06146bc26459b28bf81bfb40304d
core	components/inputs/DzInputGroup.variants.d.ts	4629	e688132e4ef26c227929ddbe9124a406e0e5a3e54c7373670e3a8ade3f038752
core	components/inputs/DzInputGroup.variants.js	2231	c14596503129d4e159a7b01c199ff005d0d53d6653056c94dde588cefea38a8e
core	components/inputs/DzInputGroup.vue.d.ts	984	14eaa2efb46a40f18327c34bf6929a24943ad5c1f468ef20670a83ddc57d87cb
core	components/inputs/DzInputGroup.vue.js	2490	fe8c9d1d07ffc83a4fea67460c163f2283e302e3cf11e5aa729727a3bcf13cf9
core	components/inputs/DzInputGroup.vue2.js	66	06228a70ebf285548676edd3d60b01d05d2c11b18dd06f3c78cb2c004b3a196f
core	components/inputs/DzInputMask.anatomy.d.ts	2837	0bf0b48dce503ecbe37187f6e23fad89de60cdba66cbd1dc7bcba4226b2210be
core	components/inputs/DzInputMask.engine.d.ts	3081	0c02d45f011b8fd6e2e318357510ff87756bfa3e83be44247ee1e2eb66e31433
core	components/inputs/DzInputMask.engine.js	2200	e0be659302346c2dd886c9c4a0f7d6a5b76583cfbb03df80eeb6c666105e8803
core	components/inputs/DzInputMask.tokens.d.ts	1799	3586a891b404ca2aa9a7908bcf77627924a515c5a7131b04df94958a1eec1297
core	components/inputs/DzInputMask.types.d.ts	2638	71e4055f33eddf8efe3b2060f8928aa6d74e72e6050d54f49d887a61d8ca92bc
core	components/inputs/DzInputMask.variants.d.ts	4960	01ba3a8799680b7267278ea4d5aaa5e4e9027475ec06f1a6904e63f4423d4edd
core	components/inputs/DzInputMask.variants.js	181	e313124c286d3d1a821c5ffcf98477057b7fded86f0d6b0f2abc044826015b57
core	components/inputs/DzInputMask.vue.d.ts	2418	72050c2fa83d4733573e48bcc166bd4cc64c1b9ec1e68d1a384aad3af5d7e178
core	components/inputs/DzInputMask.vue.js	7599	482c458db3810cddfb3b148aeb4a8f79b85c61ad4822b6c3cf36685da8afba71
core	components/inputs/DzInputMask.vue2.js	65	32ae4110a5e35b4a12ca01ce945f6ce458b79a4e17746ce234e53e34dab91313
core	components/inputs/DzNumberInput.anatomy.d.ts	3052	e1bfb2caf58a028e10db916ce4dc754faf78782a89aca909ea4969fecb5d84e6
core	components/inputs/DzNumberInput.tokens.d.ts	3067	34b9679f921498f67571da9ffa59d26ce26786dabd39c2a95414b12c5e9ceb92
core	components/inputs/DzNumberInput.types.d.ts	2063	dd88f1fc25c542b6a65eb24a77359ec6b9237dc37b8b10439d8a3e024ad482c0
core	components/inputs/DzNumberInput.vue.d.ts	2307	71b1e8c02db7894bbaee64d4278a390a0bb46f2a53b2a544ac316ec6f38027e3
core	components/inputs/DzNumberInput.vue.js	8744	3aa9ef3dbb00ba3f534a51ee3579ac97989d04f573246d5ca3c7b9e352fab809
core	components/inputs/DzNumberInput.vue2.js	67	a5beade9602a7f525ffd582b7e40ad56098160e8e783cc47da43a2553894a10f
core	components/inputs/DzOtpInput.anatomy.d.ts	3015	bb2c16e28966706d3ce78eccdda3d13ef3f047a3c2478babcea0210e0207b391
core	components/inputs/DzOtpInput.tokens.d.ts	2402	bded37c352d78a358873474263213a0de8321c28929bed624bd0ed002f9512c7
core	components/inputs/DzOtpInput.types.d.ts	1463	06898c180a9a5710e5cbbeacad7be0d61c59258f9bd8c7bf986561daca0a1b18
core	components/inputs/DzOtpInput.variants.d.ts	3762	fdc24a36ebaab9354a498187759b1ae7b1b9137797a792f723a048dab202b697
core	components/inputs/DzOtpInput.variants.js	1377	e514a9972c4363c0ae940942296e42bcbfe3dbcdaac8081516a7b7ac991fdf4a
core	components/inputs/DzOtpInput.vue.d.ts	1838	73ef2ac429232a5176cafe30605333ee003167dcc1b6f403d060148b21b1e842
core	components/inputs/DzOtpInput.vue.js	5007	52f0bf6b3669996b7e353b4ada6d14cafc2bc7064c69192e82e00f73b10f0200
core	components/inputs/DzOtpInput.vue2.js	64	5e4164f9b950710aaf5d4d38a3ebb8c6f95529e3a5211999170130f4b273596f
core	components/inputs/DzPasswordInput.anatomy.d.ts	2297	0a2dd7d9e6c3109e1a7e3d8773d340a4f29958c3e3f295d9fcd9eb886d90ff9b
core	components/inputs/DzPasswordInput.tokens.d.ts	2986	3ab0eb355799d424e837ea7346a84ba83b95ede4b2538c36d10161e425983851
core	components/inputs/DzPasswordInput.types.d.ts	1184	0df29a3663488ccb138a05babbb0d01ed6432d87cf183e68151b9c59d0784abb
core	components/inputs/DzPasswordInput.vue.d.ts	2133	7fc45c6d9a514d795af9eb3e8121b05dbf9835aa64a7aa7bd87f6e7a9a803d4b
core	components/inputs/DzPasswordInput.vue.js	7907	6919c55d8d1caf58698ccae4d33f4f6401b645e1c81f085f55fa1bc6557d84c2
core	components/inputs/DzPasswordInput.vue2.js	69	daebb3b0f8c9673f10813496e0f2c38d97ad92eb8485aee7ed4bbe066dd52f43
core	components/inputs/DzSearchInput.anatomy.d.ts	2496	369d666882a36a247365e2ea33b5c53bc157439adffc7270e7336caaef6fa7b2
core	components/inputs/DzSearchInput.tokens.d.ts	2982	14f44eed5b0cc142f829665d22a59aa9bfe1e2ea50cb1195000058eee9a7780f
core	components/inputs/DzSearchInput.types.d.ts	1430	c6cded9e00a03a8743e266a56197c1240626096f688b2a3809c5bb85b8b5d2e7
core	components/inputs/DzSearchInput.vue.d.ts	2313	f570175c086a78f0fb5cff5e84342ceb1d70ce9f8adc3242c33f9f29b66b3cfb
core	components/inputs/DzSearchInput.vue.js	8195	3f3cb0db0a4a8ee33ba4e2c48f45b6d2086bbdf29f3c627680975e011a2f4b0f
core	components/inputs/DzSearchInput.vue2.js	67	b7be59d30484108f188679c2fe2937279ce993302c999eee46d26f4b0c99e4a7
core	components/inputs/DzTextarea.anatomy.d.ts	2231	284e1739f2f069d7d2af076dd2b602ebdb078b048f0e4bd318f6f8f2b0f8c66d
core	components/inputs/DzTextarea.tokens.d.ts	2934	49fb9d56dfb2a0cf41f896e3f215e78e38e8c9e8479b399e69e49ea0b5813743
core	components/inputs/DzTextarea.types.d.ts	1313	337b9a5a9c7195c1a62bf79cd721fa1be088c00ba5131f4634d8c8f68a980962
core	components/inputs/DzTextarea.variants.d.ts	2676	daaf1c59bc9093f61d39272037b86de1fabb5b4944c8abb35d7fd5ed4e514202
core	components/inputs/DzTextarea.variants.js	1873	3ca01231a34c112f1adffe9c68a918269672c054f570c5e0439dbb254967cb1f
core	components/inputs/DzTextarea.vue.d.ts	1706	4e7f46e069b676a40e5de92c7db2b0f3b8364a5750ac54990c753719fefb1083
core	components/inputs/DzTextarea.vue.js	7287	2048f85160391e87cd9e91b08968fb5eff9949452a4e1fd6a7c44e2eea64453f
core	components/inputs/DzTextarea.vue2.js	64	64ead47cdaa99f4033f51f857a8d4bd355353396a85f876161e0e12b674301c8
core	components/inputs/index.d.ts	1943	ef686000e3e341494702dae3aad6b38b6df322e2ae747c4271b22e93b4f2687b
core	components/inputs/index.js	1184	d458e2236ab954ccbfcd2c39fba1c13fe824eef5211a2930a2696f7be21a8942
core	components/layout/DzAffix.tokens.d.ts	545	9d464fe9b2c5a01f3be7782f5eb48445e6e85855e9b03fe0e645a2e2ea154a34
core	components/layout/DzAffix.types.d.ts	1240	ee6bde78ce76c81223c319ef27cf316f3ed04ddb7f85c1f3eeb35560665d26d0
core	components/layout/DzAffix.vue.d.ts	908	4b62c523935fb7688dab0c94a4bd86e2c7c6d8daf6a7b42bac91736ea60a279b
core	components/layout/DzAffix.vue.js	1381	aab3dfe60309604cf9c5dbcec568de24a70bd05914b751395542ebf12e1227bd
core	components/layout/DzAffix.vue2.js	61	5a689d21bf5c3d3fc167925996f0fc84eb013dd5dd64ee217d11b595c57613cd
core	components/layout/DzAppShell.tokens.d.ts	784	33383fba2d6ab2d093318610a1c8ade25d201370e9a05aae4ed22077df2cc96b
core	components/layout/DzAppShell.types.d.ts	1439	a77979c07a025e053d7f5ba7db1a41ef07adee60c8c982349d2cb1b1b3ce7303
core	components/layout/DzAppShell.variants.d.ts	1812	9933b02392366ab88c1940495cd5bd73d4fd2e119a329619bcb8024c309bc03a
core	components/layout/DzAppShell.variants.js	940	654147f342248ee6ce021db10703784f271f330b7edf225edfdb9a6fab06347a
core	components/layout/DzAppShell.vue.d.ts	969	03174c54761546bdb7cac7954792a91323d94ca05919d68a9ad9ae15a768cd5f
core	components/layout/DzAppShell.vue.js	1949	e80ba100cec03337a6ac006f241a7ec9ccc15b5cd553513c77ba1abca4bc0032
core	components/layout/DzAppShell.vue2.js	64	100883d87fa19b717caa0e34e22e79af960530414c584abde0707ef3d631499b
core	components/layout/DzAspectRatio.tokens.d.ts	358	2770171dc5e52a0d3f10497cbbb0dfd536bb617d2afbb547fc4d902810901aef
core	components/layout/DzAspectRatio.types.d.ts	528	40c287cde8fe9ff8a4bd9aa418bac788e56dcf87130f6d519a53ac4749119b6a
core	components/layout/DzAspectRatio.vue.d.ts	873	e88878c954c423521ffff31e25c0741e845f9406de42f04b9be03b88be8d6494
core	components/layout/DzAspectRatio.vue.js	732	5bfe6ba853931b401878b7d150c64f7f403c41b2d2ee3e47b2ad19b8ceca42ab
core	components/layout/DzAspectRatio.vue2.js	67	27e155a47605efcc69b6c541c759e8eac50164d6f48b8942b79abc48d2aefdfb
core	components/layout/DzCollapse.anatomy.d.ts	2398	abaf06424c8c851c04de36c9c66475e50147cc0b260cb145c8e03ae77bed565e
core	components/layout/DzCollapse.tokens.d.ts	443	08a818b7378fbdcd615a57648f736c9d8c5717a7508cdb402c384b33ba808b50
core	components/layout/DzCollapse.types.d.ts	375	64206e36987d81e4a2c7a30404a2d1936a1d70da8fbf06900891ba4fe3a66b0c
core	components/layout/DzCollapse.vue.d.ts	1084	251d762e4a33d273f69d5586d01f554cef3a88532db93750cd9fad64c8a9ecb6
core	components/layout/DzCollapse.vue.js	1523	9232495572958fb1fe48d8893991c28eb30b4bfd9dc77ea8f4f74a853cf601fa
core	components/layout/DzCollapse.vue2.js	64	1803f5fadec515c36f75e94e8f5dd76dd82086041c4799f40e7d29927483ea3c
core	components/layout/DzContainer.tokens.d.ts	871	6e361590b3a24a83ee962bd23087f06e36942e543fbd85b01de7febd2b042c83
core	components/layout/DzContainer.types.d.ts	716	119bc4e9bf8d6a8a8dfd5f229a6057606a3d456bb6e1d08c0301c38b87389ce6
core	components/layout/DzContainer.variants.d.ts	2193	149497102cfb336b105252844451ea68766625fba4094ab92ccdc10164a817d2
core	components/layout/DzContainer.variants.js	574	07935fc100d1d645855bb2bc3cd6ce9dd4335e5ad6de405dbb4b91b1eb64bbd3
core	components/layout/DzContainer.vue.d.ts	967	64972ce2cde23862bcf7e53bac10abe92bb5d25dba003e50ec039b23d29a3447
core	components/layout/DzContainer.vue.js	1317	2ae1166bbaa75409b65b942a7a9b38d07b2bde84b8a933c1fd3be98a2c3b6978
core	components/layout/DzContainer.vue2.js	65	66c70aad951ecc3f77c2fb5efbb3cdccaa0f404bf291dc83cb963427b33f2fb6
core	components/layout/DzDeferredContent.tokens.d.ts	616	42a33b230fec8c705059634d3228c7603686b65549086e28821684cb586a7c36
core	components/layout/DzDeferredContent.types.d.ts	2090	286dc1b94f104aff948107fc7fe21e40dbcc2ec9796c93beaf9d9c9f2bb84563
core	components/layout/DzDeferredContent.variants.d.ts	1561	908f67bad032ddc61a94fcc64c9ab3cc7a1ef22f9bc15eef5415a8bd3a557548
core	components/layout/DzDeferredContent.variants.js	613	6cda371ee52a95371ca11c323e3c0fbca40581a521f7260e163900b82df39f7b
core	components/layout/DzDeferredContent.vue.d.ts	1575	640602dd12ffab22bcf1e47f9ff23264c95068acd6250a1d2ac0e0cb804d53eb
core	components/layout/DzDeferredContent.vue.js	2758	9f05564557ce3db35eb90000175b12868f44d006973e26339b66a330290cee75
core	components/layout/DzDeferredContent.vue2.js	71	6eae87f5c23b324651c2ed89d1decaf7f11607f7d8b741a112a7b8cad9a7bb3c
core	components/layout/DzDivider.tokens.d.ts	545	9be0491beaf2d866badda4737bcebcbbbce3dbc85ac5740d8a741580332249b0
core	components/layout/DzDivider.types.d.ts	509	67b23e3233a414d0a733fefe3a660fae73f0401723ede0d0fe2bfd1d78efb260
core	components/layout/DzDivider.variants.d.ts	1136	4b1714725ec392341457f6e2543542082147db88100fc9570743738f55218ddd
core	components/layout/DzDivider.variants.js	302	9b5d8c7565265122e437dfd8ed564125b1ceed4cc7db031d62c29a12cd96fbf7
core	components/layout/DzDivider.vue.d.ts	494	cf1eb8d6d81b0c60f76fb7cc185855c5ba4998e1906603de3a56e2f4368a44fa
core	components/layout/DzDivider.vue.js	1317	eaf7bbd2a142fd4fe221784cf1ad091173d8ccfae06cae5f60ad097964bfcb2d
core	components/layout/DzDivider.vue2.js	63	127e5fc9f53fd6cd64566ac9e03b9545dd95775b5ff7ed7d90354e861bbdbf27
core	components/layout/DzFlex.tokens.d.ts	646	bb4225807b11275371291bb5ddf37ebfc647b8928bfa8f48b8eb1850a217b58f
core	components/layout/DzFlex.types.d.ts	1099	97b6481422f7c6bb0610421e1ca10d60b58c4e0af8c00c4a120ee0ec2596e297
core	components/layout/DzFlex.variants.d.ts	5288	3af1cbe7c6e362709d6329285a547341c32f2b214fcc26250fce726a1b0c410c
core	components/layout/DzFlex.variants.js	1097	80dbdb9a1dd202666439b140cf36aa600e7831b33f050a071831a5e16bc08333
core	components/layout/DzFlex.vue.d.ts	1071	328478f15d41efe6e379dcfb0c8abb9ebf77e4df94defc0b7e6341e5db37b55c
core	components/layout/DzFlex.vue.js	1473	ad572445eaf8e27c175fe7f9757ba5ecfc4d1c218f4b6387d1926e3b08733888
core	components/layout/DzFlex.vue2.js	60	22b3d5c07d24b4c03de2fe0f9bf85cc42149e4e7e9b6dec7ebe654f8f1cc31dd
core	components/layout/DzGrid.tokens.d.ts	644	b465377f1338adadeff353962b0e6a856263c58f86b8181b7cea6313f3e7bce8
core	components/layout/DzGrid.types.d.ts	2992	9d07dc2dcb74137db07b00e604f679be64ef7b0cfee5842d8302738a5b8b8cdd
core	components/layout/DzGrid.variants.d.ts	5276	563d34b3472964b2fafde23b8f3db261589df6a37f6d96693ba5c4ae79d9ae1a
core	components/layout/DzGrid.variants.js	2562	3c53f4da52d2b023a3a45c05f8695791cbe29fc4612b0223281354174039232c
core	components/layout/DzGrid.vue.d.ts	968	bd034f66142ec5afd6ffb51f22e8fca9f201614bfa226e95cb02d0faa8ee9bd4
core	components/layout/DzGrid.vue.js	1802	7f3b4ace5c3aa8c71072c354839b29388e4e689829c6c2ae9d64daec2af34562
core	components/layout/DzGrid.vue2.js	60	532540e2ab9125b89984174302d01c1e70d72a7e97e3af62347ca888dfa2b952
core	components/layout/DzGridItem.vue.d.ts	920	8ac8658ddcac7b8cb6c1ad0bb68c6732356ab717bd7a1164b62a39f6a8e62eaa
core	components/layout/DzGridItem.vue.js	1271	e5630f8de18e22f87608586c8f54daccb7c117eeeb613943b9ffb0700d4ed05a
core	components/layout/DzGridItem.vue2.js	64	61febf6da57286ff0f39b963f70c9a906ab08ab10b7c28c003c746ae28b38960
core	components/layout/DzMasonry.tokens.d.ts	778	5a4c5f0a815d918ed0b228c9e33b839d971034e367cc0a57c088a07175dcdcf3
core	components/layout/DzMasonry.tokens.js	325	b4328c1f6391de652f6a9878b0bae2295e4919877a5fe9aaaa1857dd529fa9cb
core	components/layout/DzMasonry.types.d.ts	1960	e04792c5607944c0cc92505ac49e168c65b006d46b98f634c012e99e766b519c
core	components/layout/DzMasonry.variants.d.ts	2726	fff9f22951ccd4193ea61a5b9a2ed55fd7d0e1e7dd6da6917c5d4f0786e85e04
core	components/layout/DzMasonry.variants.js	1502	685d0938cb4fc58e3803946587622e8c28d5ddfe76a8e40f851cb6008a981a75
core	components/layout/DzMasonry.vue.d.ts	1025	89aec8059865709583a512039114f93853d52f3183907e5798851c7e853924ce
core	components/layout/DzMasonry.vue.js	5454	1a603ffd8f3afa3408a245d2b81d5c0d7c4dc329021f1683a130c5a717a007b9
core	components/layout/DzMasonry.vue2.js	63	1538fe76770104e0fc29cdbda463463a0cf22b6ba83fc66815dc746cf9505161
core	components/layout/DzPageHero.tokens.d.ts	1144	fb11b6eecef61fbcdc1368fff5083d02da45da0c7b0e3f9a4b0471ba774729cc
core	components/layout/DzPageHero.types.d.ts	967	242f9ec72b0794ed7c93b49c08a649bdd66dd64f5202f658c567258799193908
core	components/layout/DzPageHero.variants.d.ts	2848	a6320fcc52660885a2c55ad6bcf5709f66098e907c663f92e373288e62fdb791
core	components/layout/DzPageHero.variants.js	2345	94499327649baa82e9bef252df382446c8c47a1cacc4f6b296acd4b696bdf2ab
core	components/layout/DzPageHero.vue.d.ts	832	f6c83be74ccebad55de0e23ab1733d0a0a75ac9a8942d81eabcbe75c9f13b8e4
core	components/layout/DzPageHero.vue.js	1916	e6c2fec73a03d49596c50bb1a1581b625707e05adb55d42e11e7587770251eed
core	components/layout/DzPageHero.vue2.js	64	660e2e913cd51d6913627358e2a69a45fad689b4111db529a1827e2ec7641b2c
core	components/layout/DzPanel.anatomy.d.ts	3479	c9b4eb1b3779a52c2040c6c0b2d716e415a851dad6a4e4dc6024ed415928f047
core	components/layout/DzPanel.tokens.d.ts	1264	558692dc9e2fdab95c8225bf6bdef50f57cbffc5083d6b18c879b56193be3a72
core	components/layout/DzPanel.types.d.ts	1577	ed698af956f9f334489822ccfbcb96e7af6afc459a2737737335ac7b37b10ba7
core	components/layout/DzPanel.variants.d.ts	5369	b6decda6c3ed6b1952167c7ed3fcaa5e88b5c17cff84ee1b1ef22f4c0536ce35
core	components/layout/DzPanel.variants.js	2141	1d384df01acd8fc5743ea3ab849fecdd484c0aa367eb80b1fc2f59ce54d5fbab
core	components/layout/DzPanel.vue.d.ts	1348	fae05233bc97123ae79d3d87142a2f45850859825918fb7193e65ec1075881a8
core	components/layout/DzPanel.vue.js	4936	3fef5e3e4a8d273036a731bf80ee696c94988a2d7cebaa8fd669593e2f02b666
core	components/layout/DzPanel.vue2.js	61	d9b79437462f36f44d993e8f14d65c94ce2767be3766db6230ca215a1c2801d2
core	components/layout/DzResizable.anatomy.d.ts	4679	5a26d7f628b62c735e2c3b83328571cca9a7e00074666e8512946358caba3ac7
core	components/layout/DzResizable.tokens.d.ts	1163	1a57c4dcdfe2b032b922072c9a76fe3449fbca77882549ea6983d08f41886eb8
core	components/layout/DzResizable.types.d.ts	2723	dac16bd2ba8ee51a637434eada81483de604cbe708a29ff51b5d72ebbee12d1a
core	components/layout/DzResizable.types.js	86	7d3052d9c77f6a8471d7ebe86795f24872afa4fc9a1afec6f0a5f93052d40f4f
core	components/layout/DzResizable.variants.d.ts	7741	44468b9b5e46c354fd2ac8f58c63a5da2ab2ffe4c991ddca0fd876e99936c031
core	components/layout/DzResizable.variants.js	3293	4a9bb3e6e7162588e2940512b0df4653ce5d2ce244176533f77f5f51f812bd0e
core	components/layout/DzResizable.vue.d.ts	1122	621c465b29ab308b03bba3b3b617f882bbeb373872197ec05c248f34e7889621
core	components/layout/DzResizable.vue.js	2023	ce7f9d277876d52e7c6a2c87e399f1fbe132908a5aa4091ef01c596fc4bacc17
core	components/layout/DzResizable.vue2.js	65	87831bb63274f1a0ae3ba38d3ef1eb4a6b5b600acc8c98d74976b447e275aba4
core	components/layout/DzResizableHandle.vue.d.ts	924	9455ba7e876ffffcb6b96addc3a08225532923c3873e14663d6df35353cd7f7a
core	components/layout/DzResizableHandle.vue.js	2427	c527b422eef140ab62689987a823105f50d3b9d6f43b2e5c154c12613d6454ca
core	components/layout/DzResizableHandle.vue2.js	71	fbf09dfb2e2d77fd55349e085937f3b27ac30756363a227904b7f6f1d5c624bf
core	components/layout/DzResizablePanel.vue.d.ts	869	7c8611694d7e5bfdff9200bc6b3e9e64ff88a06052bf244d067d2de3111700d7
core	components/layout/DzResizablePanel.vue.js	1411	33a4ba0237d02bb4bb3f7cfa3dbc31214e15ca0ee06740edc7891a68da01578b
core	components/layout/DzResizablePanel.vue2.js	70	b3485e4fc29088da6734dbcbd561886d4426ca274c7f603e60306693e03475bf
core	components/layout/DzScrollArea.anatomy.d.ts	2630	cf9138c0e824a303bb45b0ffb139f9b55d291476b0a066ebee8cf4e6be000c48
core	components/layout/DzScrollArea.tokens.d.ts	1046	95e5d5dab4ca11a9cbc20f6a460eaa2b2089d0db7846d25089f7d32fcb914c79
core	components/layout/DzScrollArea.types.d.ts	1098	277071f4d8f37cee22c1713170afb112a57961214cf9b5110e55f5ec2373aa7b
core	components/layout/DzScrollArea.variants.d.ts	1919	99cb82fb48e0e0f15147c559c78ff52a585d7aa1ae4aed3be65b0d4ea3587647
core	components/layout/DzScrollArea.variants.js	771	a060b61b86f583078d493c3891a036ae29f604f222c23d4a03a60c04ed2bb650
core	components/layout/DzScrollArea.vue.d.ts	967	71a645762a45e9cd88133c35720d84521bb6bac6e5888bafdae4cb15166eb28b
core	components/layout/DzScrollArea.vue.js	2906	e9df1e04e13d9859b32886676aa374fbc95d047c60f0803a5fb92dc7879e6464
core	components/layout/DzScrollArea.vue2.js	66	b9eb49a302765032b709227231a4529eabeb0e80f66464bc12c9ea52763c648b
core	components/layout/DzSpacer.tokens.d.ts	612	fe9fa6a7afd9a9b71cecf7557b1c1392e51ea48ab648e842d7c19bb8c19f30bf
core	components/layout/DzSpacer.types.d.ts	502	af4797f7248ba676c3f0abd3dc3a68a71be598eb3559fdd114f3bc767e20217c
core	components/layout/DzSpacer.vue.d.ts	449	605693c84414557015153c7b62f0d4a6979b760f0552e1f24208f33b873d2a08
core	components/layout/DzSpacer.vue.js	1001	fff13b2c3187d0e468c47cf1e92aea91d7521d9e0b2340cefe399a6313c1f112
core	components/layout/DzSpacer.vue2.js	62	bdee9311027fde5525c00e7449ebb37937d00d03d2f8caadbb91cef1b6db0409
core	components/layout/DzSplitter.anatomy.d.ts	4667	cd7614d6030bd5b3c70b90fbaa17ffe9c02ea7728699abbc3fca29133e73f0ad
core	components/layout/DzSplitter.tokens.d.ts	331	6ad7758e6512834fe6262de2d79b43a95b284472ea674f14a1ee1092ebe75725
core	components/layout/DzSplitter.types.d.ts	846	a55fb4395a09837eead4e7f3da464ff7357eccb835bd11aabc8ca734358cadb9
core	components/layout/DzSplitter.vue.d.ts	1115	f04cf2a3f390846c7feb99ae4e3abbbc03a3b373a33f45277521eea3296e9436
core	components/layout/DzSplitter.vue.js	2021	fce78d6b348a7ad79bbb37135ef88ae824f1225aabba6d0747f97dafdd608bef
core	components/layout/DzSplitter.vue2.js	64	2a785ff4a1f50c5095d3b4f6aa049a4483ed7f4b84ba65cc2d3d400b9be82644
core	components/layout/DzSplitterHandle.vue.d.ts	917	8d31696dbae0a7f44720fd8c2dca17078f4c1dac0d8b74caa3818b7614e4d1e3
core	components/layout/DzSplitterHandle.vue.js	2306	3e62e7590d59ee2bcec38a350c4cce4a69eb13cb04e08d8a668355dbb01e0b14
core	components/layout/DzSplitterHandle.vue2.js	70	cffef2a4344b1fb2a16467dac3b5642c42c86ee7f249f626830ea3e53e14448f
core	components/layout/DzSplitterPanel.vue.d.ts	862	ad932c93536bccf3cbf717bd03a07dc3b8b6f34f0e76d44d41bce84df556d631
core	components/layout/DzSplitterPanel.vue.js	1410	06e76ccac93577a82d59cd6e0d2c2e2b26a70c574b3ccbc6f4bafec6bfc251fc
core	components/layout/DzSplitterPanel.vue2.js	69	ec5c800f6135fbbf3b97b36ba7dc558eb98df6be9cafb294c5f8df94887c6181
core	components/layout/DzStack.tokens.d.ts	744	4d111f7a4633429541ffeb30a3ddf0eef9dda09f43b478cb78378ed5749a725b
core	components/layout/DzStack.types.d.ts	1677	1447d855a378eac1b6bfacad7593e36416e48e40119ddaec1cee45393bc7b7f1
core	components/layout/DzStack.vue.d.ts	988	4cf6e6a6e7d53e60f3d07a011952a55487d40c116b334d1f9c55569b603bb49a
core	components/layout/DzStack.vue.js	1338	8efc5ec4b2156a565fa107da5cba504f8081efd1ab1836a647ac9dc1fbc5ca03
core	components/layout/DzStack.vue2.js	61	40c6ba043f6887a60621df5ada2742869690b71b7514d855aca485009a328dad
core	components/layout/DzToolbar.anatomy.d.ts	4086	c2c5460cef849dd20452033e3a9192294da19e7e851abf7e3cee89b7b6aab1f8
core	components/layout/DzToolbar.tokens.d.ts	887	7d5f4ad3dd5539f6781375577a60ca116fdc3958e308cfbc25f925d87102835f
core	components/layout/DzToolbar.types.d.ts	1606	b556e9de387d4cb29cf372eaa868b79e83eed13332d539ba15099307898b20f3
core	components/layout/DzToolbar.variants.d.ts	4047	faba5af2dec461aab9738434f78c01fc8713eb6a7130c1c95b84543b903ac47a
core	components/layout/DzToolbar.variants.js	1217	27d1d968d797754598309d50b66ed774c3c7c1ac52bb3c532d7ca28fb11ba57a
core	components/layout/DzToolbar.vue.d.ts	1062	720f549b33a9504d8474e450c56fceb41654f380f432e3f2d7e07eb69a448c66
core	components/layout/DzToolbar.vue.js	2888	b4dda61fbb09df74febd953fc5a844f4087b40e632e51f81131c36955c694ad2
core	components/layout/DzToolbar.vue2.js	63	6073004e2676d28530d3025869c631127995f3b1837322d87900f6d1c2517c8a
core	components/layout/index.d.ts	4958	22f54e150b0c2a9e2a08b60f309847b2daea237caa9dd7cc0187e85fc8e365dc
core	components/layout/index.js	3187	cf95f458f8476ce9452813245092b88acf069a566927793ab23339c9c8ae1f14
core	components/media/DzAvatar.tokens.d.ts	1610	d79324205f631cca6c4a2e7215842477cdb15d06b41fb1fcaf4c1d88c50a2fc3
core	components/media/DzAvatar.types.d.ts	1250	3928dc1cde022b4201212a1e324c37f69451a506b5efaf657f3cb184b5d78edb
core	components/media/DzAvatar.types.js	92	075c472ee5b1c948180f3f90568ccbada020cd34f94b151cb96551a6f662444f
core	components/media/DzAvatar.variants.d.ts	1984	a148340dd64db6399b62683e147cd2239dbb7ac63c79f903b645eaf5d60a89b4
core	components/media/DzAvatar.variants.js	822	b4e5e7f28fe3959cc249a30a70fe658e10f279b89388b9521895650cf96cf97b
core	components/media/DzAvatar.vue.d.ts	1014	c3021d23ba790257ba47820e3159f1839b1c5491b0d9b6acd69bf3442aa2a3f7
core	components/media/DzAvatar.vue.js	1875	cdfb1ebe4bbecd5fd7ff8b8b34cc1ec55244e11d9bfe67b75965af5816a96e54
core	components/media/DzAvatar.vue2.js	62	8f7a613b36f40026eafe3fe7789f09dde840202346921732eab94ac1a5b0e261
core	components/media/DzAvatarGroup.tokens.d.ts	1545	e2dbdbd6fc39c064364a7b7d9960f38f59db25a3345166443ce8b8196debc66f
core	components/media/DzAvatarGroup.types.d.ts	558	63278c65faa6cd995e1f4a3e1468e527af9a4abf7509097b2d5d813be73d5dfd
core	components/media/DzAvatarGroup.variants.d.ts	1970	7367ea05c0cd1a67ad349e041fa8acfbf33a35caa69d83cb538925ddca689458
core	components/media/DzAvatarGroup.variants.js	844	5e806695223502d4c1c3980a3614137df2eeba137d01f1a7b68a71f23110a86b
core	components/media/DzAvatarGroup.vue.d.ts	908	1e7107319d9055d3339902fd38242fa9b558223d37c9dc05998f9d60566a41c4
core	components/media/DzAvatarGroup.vue.js	1424	58f43596e0e27a7f01016afce2ea0fb5ef4be08e8f64f63f7ca8a049c13aee67
core	components/media/DzAvatarGroup.vue2.js	67	98e0e89e5405b00199515638816a3d2c2fcb61d916096591175dfdae53004e91
core	components/media/DzCarousel.anatomy.d.ts	4300	1fcf2fd9da4c4bda42124eb164d9462a01b9606140697e7133b43b92b594d51f
core	components/media/DzCarousel.tokens.d.ts	2555	4631f5459ecee7ec45c8bff1e3d523a76464f074cee88fe75fbf16d733646817
core	components/media/DzCarousel.types.d.ts	3403	1d9e66dae6b43cc5b35e8bb67c881610c83ba8d1d110791cfe9dd218ee8ec6ed
core	components/media/DzCarousel.types.js	84	881c0cb44130e462726950a0e6f21e2d361fe0d2cf03e01346442d57b207f732
core	components/media/DzCarousel.variants.d.ts	7835	457dbbc9cf4dd1428c68cb2674bc63003b081bce9b415b559907165a5e17abc3
core	components/media/DzCarousel.variants.js	2858	0c999e4e36a07ba15979ef6756e0bd68433e7086510e4390b84044e5c9875cf9
core	components/media/DzCarousel.vue.d.ts	1379	55f52cc124be4b47efef57e228074f6de013d222cef103db839fff111eb15640
core	components/media/DzCarousel.vue.js	3886	3864d2d31dfde09945e71306c05bd4b0617a226d6529c1e277b33653aba0fa00
core	components/media/DzCarousel.vue2.js	64	93545ae88787a250431a138b9f83fee06c75ede9d4e1de046038c9d7c37436c8
core	components/media/DzCarouselDots.vue.d.ts	856	0187dc6f3487975d75b17ec73b3f4698fd6d70b0e6129a52034f870dcc1de703
core	components/media/DzCarouselDots.vue.js	1974	e500a7894d587c02673924edd829c3227ea57f8a8a90841c089430c1f6882f8c
core	components/media/DzCarouselDots.vue2.js	68	9c95874f465902e9371bcdd7ec535ff28cdd9f3fd494938d56cd7cc09cae68d5
core	components/media/DzCarouselNext.vue.d.ts	850	14f8fd055f8ca694f5fff6ee0f50e39f0e431a07cfef193a169ad004943f3bd0
core	components/media/DzCarouselNext.vue.js	1666	d35a872493969c130905fa1a87a165e17daaa2247651b130e7e875d007a1b26c
core	components/media/DzCarouselNext.vue2.js	68	7a8c12a2b8eea5b7171777660006a6447b63aa85c9f10cfe4889ec2255b95e84
core	components/media/DzCarouselPrevious.vue.d.ts	850	14f8fd055f8ca694f5fff6ee0f50e39f0e431a07cfef193a169ad004943f3bd0
core	components/media/DzCarouselPrevious.vue.js	1679	0c4e116ae04890bfd10d35e57101a390079b70cf5fb25b55eaf7cea8e7a7dc2d
core	components/media/DzCarouselPrevious.vue2.js	72	286ef99c3ea09cdde899d9eb48884baf2d1f401fcde02b222cd2c76b8c2014ce
core	components/media/DzCarouselSlide.vue.d.ts	862	6cc3dadfcf6f4ba5279412b3b9327235ba6de95998f3c08563f9c36f87a75627
core	components/media/DzCarouselSlide.vue.js	1106	234f8a7437b6b6f08ec0626f410c220e192e887c91c5de93948e9617705a72dd
core	components/media/DzCarouselSlide.vue2.js	69	277fab93c2cd6cae6827bd832e4dffe73e21ff7ef044676854b56abd715b1f23
core	components/media/DzEmoji.tokens.d.ts	607	9e68b518da7d8dd2e0115fd0b692370446d005f443a483d92add9a8267e868ee
core	components/media/DzEmoji.tokens.js	220	aa7e7882366aa6d17c7f916d805da1535afe24fee3e6e0e74ee8c8effc821e78
core	components/media/DzEmoji.types.d.ts	1066	b7bc28c397382e4bae9f5bd33dcc9424bb7aaf7fd2eaf04f7f13786f0faf86b5
core	components/media/DzEmoji.variants.d.ts	1387	209e4a91c7ad907e2ab77feeac7d47a571e83daaddac570347bb1e73a20ce0b4
core	components/media/DzEmoji.variants.js	369	ad83f838a38a58f4b0f68acd356528d8a372fd148f6ad928be72cdafb30e75f7
core	components/media/DzEmoji.vue.d.ts	443	4e8f9a72f8e14bf5dd152e173450e800a0994ae947f990cf2fb61a8162ee4aa2
core	components/media/DzEmoji.vue.js	902	5679b96804a0051f1a3d09b8fc1128e17753c1c93c7ec410a7e21030ccd9eed7
core	components/media/DzEmoji.vue2.js	61	32a8abfcae42236470713078f892e293d41a9af55339d0b4679180e0d61e526c
core	components/media/DzIcon.tokens.d.ts	994	be02384f4f4c25f035544e477df2fa470a1318d7a431535d5519cd352d63bc34
core	components/media/DzIcon.tokens.js	362	5b54f8d2e1a1bfaf254cd0d0c79ecdbdd1bd842c2571bca2956526619964d8a7
core	components/media/DzIcon.types.d.ts	533	5ced4a75fb6952e18aa8e7ecec156d1f020818ed7c98107b286ff01aa123ce98
core	components/media/DzIcon.variants.d.ts	1334	03380d64b61bf65e04f77c96399d36b7ff6bb3eb234b5fec041f4d6c70cd094b
core	components/media/DzIcon.variants.js	394	e55966b3512a12105a0f52220c0273074cdc77446e3dcd9920d6de975213e00f
core	components/media/DzIcon.vue.d.ts	437	29b5aa6049b7956e2e3892d2aafd93f5ad1fc756242fbfbfa2563375f4978ad7
core	components/media/DzIcon.vue.js	1061	ec6cd3ca0b587f3f502d4ec72377f744b878c7f93d41923bfea4dad5f73b84df
core	components/media/DzIcon.vue2.js	60	ffcf1cd869e48a2e038ce3f9a3af04a780beb92a6c038e1ce328ea4c918f2b6e
core	components/media/DzImage.tokens.d.ts	592	b5b94239353603657e9ab253701efd604c7926d55c8f258355e3332e5669b95f
core	components/media/DzImage.types.d.ts	971	e881a9061dfb79b1b4c6bb4f484498af034877096776085ac276e133de4080e8
core	components/media/DzImage.variants.d.ts	2296	24c3eef81881d5011560ce3efffade077336c996951f2841193195003af15f23
core	components/media/DzImage.variants.js	604	33ece08fdeeb47aa5de555f6599a15c50e8dff9a6214e569d197be1d32c2e5ab
core	components/media/DzImage.vue.d.ts	1049	e05efd9ef92a6b2d42db611268b4d24fbde4ad35f80f15cd8fad6454013e7395
core	components/media/DzImage.vue.js	3712	eb62a334d59a9ab232408790b74fb26e071a45123ed0506abb7204c0c0831218
core	components/media/DzImage.vue2.js	61	890cebc6947809c3f71834aaf59c471751fecbeb8a83bea4e41b932d55117de8
core	components/media/DzImageComparison.anatomy.d.ts	4635	ada8deb395c8213c27160989cb5f323ff81dd87c3e57e1d8d8bbdf07f4c34544
core	components/media/DzImageComparison.tokens.d.ts	1751	22bc0760c861f47e7abe31afcafad5b1abe0e0f989740cf1b7b6f1488f84f294
core	components/media/DzImageComparison.tokens.js	801	c5aaeb478a0ebf6c42abe8102456b70bc28042a9a3a24f1b106d4e3c629d4ce7
core	components/media/DzImageComparison.types.d.ts	2201	553e4cb73b2451bfd8da523184e091fb55b32acc4698873f3bcb73d660203c99
core	components/media/DzImageComparison.variants.d.ts	3015	17afdde76c58c9d0e7ae95a01f4deebc81ff6028134296c8723e985b04543324
core	components/media/DzImageComparison.variants.js	2510	9b7eb63d6f14093c1e1a362c9e533d1011228fef6f2f00100bf9ae4b067953ec
core	components/media/DzImageComparison.vue.d.ts	1529	3454ca49533fc4423eded11d1dbb9f642ede6f45953be9d47f6c1a7f281ba6dd
core	components/media/DzImageComparison.vue.js	7367	09b7fdff1caa1bd2759713a3a31227c329b123473e878b5530dc632a4daedfcd
core	components/media/DzImageComparison.vue2.js	71	e0ef269a8f35d97a8910e7661886c701f9ff3a227761dc8d35815bea5d532a03
core	components/media/DzLightbox.anatomy.d.ts	4702	fe622b54f65ad030167a6184b4690bbddf79abf5f1c36e15e62e35452df079b9
core	components/media/DzLightbox.tokens.d.ts	1917	ad42a5eacc545b85491bb91110e8b6ba7c6ea3caaf94b6bd59543636dbe811ba
core	components/media/DzLightbox.types.d.ts	1363	639d0ddf5d5e6a3171f14099071a912cc17f60e7d260f9cb1e021e3876bd12ca
core	components/media/DzLightbox.variants.d.ts	4476	34dd150ff1ffd0270f34a24b56d11f6b6cf8ff68151affbb63959f3c85b93d24
core	components/media/DzLightbox.variants.js	2311	86cf30d1cc8c3c374b0f97190b11dfe56ff85929b2257aa72161cf54bab041a1
core	components/media/DzLightbox.vue.d.ts	1266	4ef48a757bb0ceca239a780f661ce94afcfd127d8ffedcbb7d3e0eae5234dad7
core	components/media/DzLightbox.vue.js	8848	19ff3e7c8ddc4b0849c8385b4f60132f29f48f1e94d4cefd723672a097e8aa18
core	components/media/DzLightbox.vue2.js	64	ab0347e6b5cdaf2baa057947d6233eff907d1a811d4e2a6e0468b2a8ba23cc32
core	components/media/DzQRCode.tokens.d.ts	1043	d81f3df56c66c66ea79cd53faf020b5c771da1595bef2b529ac215a5ea6a8df2
core	components/media/DzQRCode.tokens.js	619	58a6ab15fad333437ced78b05c561be3de805c2ffa1aa687b6ad889938d1a646
core	components/media/DzQRCode.types.d.ts	1775	8ef8095dc4f2a0f28f13574f9b8069a36b37581bed3b6b4122d70593059b63a8
core	components/media/DzQRCode.variants.d.ts	1501	f7847f99a38c95452ed7c8e27fcb8ffdd37b70149944bdcba2a79f9557d0abc8
core	components/media/DzQRCode.variants.js	1474	327d6da5258c5ce68e62c59dade2ad83580290b02193a2ffaae6e93e5c4c8f43
core	components/media/DzQRCode.vue.d.ts	1083	2de60d5bc1802fb889d0b0f98b0233b532281176d661964c9286c21a2d9096eb
core	components/media/DzQRCode.vue.js	5016	4cc15c8e1982c5fae0e7a217924215fd84afe7ea2602059cabcf70cb1ae78c1c
core	components/media/DzQRCode.vue2.js	62	9fd2dac5ec12bda1cbbd0c107a16ac2a599bde0071407e046d16d8bd225c6cde
core	components/media/DzWatermark.tokens.d.ts	763	f97bb6a618829c44a99cbe27222fae76d401c79e885e1230fe3146361a7076fd
core	components/media/DzWatermark.tokens.js	371	f67b941ea30c16082918d02541f88013823dd3ac73879187e0668bf714302540
core	components/media/DzWatermark.types.d.ts	1954	fe79d5acb601785eabff852a17a7874fdce582f8a69310d9a1be7bdfeb862708
core	components/media/DzWatermark.variants.d.ts	2531	4e63948d2ae1992cf051c6fb466c8930d2d873b3a35a1b899eeefe86bc598c7b
core	components/media/DzWatermark.variants.js	536	c091d39effab49ed2f6d2a8020ced16b09a7325edc1d85ddececea5f96ec6a7a
core	components/media/DzWatermark.vue.d.ts	1172	c93ff03762119c176fd1da1c516e0d7d25df41f2d5349d360f07dc7ad26b9c71
core	components/media/DzWatermark.vue.js	5084	66566ce062aaee1ad86b9077d64fceabb84911174acd390074cae75ac8e0dc31
core	components/media/DzWatermark.vue2.js	65	69d650936ceaa003344d424b44fdc9a33ee6997b7ed43acd5e930c418cef63d4
core	components/media/index.d.ts	3414	32e22965bbd7c2946503ca590c4fbb7b3bde58abdd91a9d0141b8d326fb9e314
core	components/media/index.js	2676	8ff09f952c0585fc9a3827f09e6934bcf9e4c09eff362f620e91e48b85f42755
core	components/navigation/DzAnchor.anatomy.d.ts	3169	8d8f953b50899564abebe5a452fedb7900a8d77b102dab79465bb36a391b7a30
core	components/navigation/DzAnchor.tokens.d.ts	1065	cceea989baefbb3214ef5fddd81be39f36433e14e2fba1cddbd5cf7d102dc3b1
core	components/navigation/DzAnchor.types.d.ts	2236	ff8cd428d9f915ea90c8f9cf0753443d1514ba35ef13201685287723613e4b65
core	components/navigation/DzAnchor.variants.d.ts	2685	7285682e6b1c9a424b05f7b4f99963a3993b93e29d4753f6eea578f211841c81
core	components/navigation/DzAnchor.variants.js	1018	308a83a03c6cf85421f93b5d7200902399a0942159242bd4c4991df7eecc3d84
core	components/navigation/DzAnchor.vue.d.ts	1463	a885a3a3dbc63934305081ef3cce848ad862fcac1b1a46e46049cef8029faebf
core	components/navigation/DzAnchor.vue.js	4364	d36569ccf7ba34ed7c2d11c11959e92d88092ed8ddd794e2a4d3bebae4bacbdc
core	components/navigation/DzAnchor.vue2.js	62	f4f1fa622dabcb52ec456f0dbfa9b331090c72da9805ce1586836f35629ea231
core	components/navigation/DzBackTop.anatomy.d.ts	4382	df72256eb237ac461e9426695195be2e40e1b7b6929966ee0076dbec6ee940ba
core	components/navigation/DzBackTop.tokens.d.ts	747	516847a81951d9efdfc7cc502a6b385eb0a293d1e35e7b1f41d7a487124765f8
core	components/navigation/DzBackTop.types.d.ts	1829	554601889c49e630a0b219e3310c31ead75e284670e00d57a0923cbc48a909f9
core	components/navigation/DzBackTop.variants.d.ts	993	18e8d84822ece0bc23c7ff22610d5b3a78c8b0d936738ed080df03acc76c3b1d
core	components/navigation/DzBackTop.variants.js	922	7438a36ade620da5551742aeb2879b24c26854225bad9f3d5d9cada982ce1d32
core	components/navigation/DzBackTop.vue.d.ts	1241	93e866392668276b0c06c39c172e5f9cc1345922cd9b2be6c706a59c67129d24
core	components/navigation/DzBackTop.vue.js	3026	24c8f9c44090c4f84f3ce88262a2810ed39015f6d3c9745ecc5b64f2c086318a
core	components/navigation/DzBackTop.vue2.js	63	b8f73a80c3b2e7ef1b0dcfe81480cbab5003a856b80de8267291e162a3cee16f
core	components/navigation/DzBreadcrumb.anatomy.d.ts	4137	4a1fe32362643c3cf5166b540770a18d13415b89119b3e157db280db56704f9d
core	components/navigation/DzBreadcrumb.tokens.d.ts	1237	c410ded2aeed755ec32015f0cd2f9faeef5e696e0d860f064a05b86a80811eae
core	components/navigation/DzBreadcrumb.types.d.ts	2183	18f4673c337d54a0f26861f5635be1ff31a0b1b3ae218ae46df1bac74bc221d9
core	components/navigation/DzBreadcrumb.types.js	88	091d0a29503eb584cb69234d6384e6908df8e71a922307d1fde07470eee558e4
core	components/navigation/DzBreadcrumb.variants.d.ts	5331	6f48e3073b40d57eaa1a18f09c776e780b5b796454785c68cbe3f848ee395032
core	components/navigation/DzBreadcrumb.variants.js	1246	4e58edefc66c5c6df562f96a5d05d034f77d0754a8101dcee4bb2aef4e70995a
core	components/navigation/DzBreadcrumb.vue.d.ts	1017	9deddd20608ea96dfc999f8a7e6048f63afaa5679c1000e2dcbd8a278004b010
core	components/navigation/DzBreadcrumb.vue.js	1811	d0552c13b57c972b2f6b145d745cea6c425a6c581cfbeda44bda5cbc5da667a3
core	components/navigation/DzBreadcrumb.vue2.js	66	769e3ee736394585af723b2e94b12593651f5f89e7e2e6f4a0cdbbabac787646
core	components/navigation/DzBreadcrumbItem.vue.d.ts	934	65f82ac6c6ac4d96da149611217fa09631f0c29cf2b49e12c6edb34d9182f3e6
core	components/navigation/DzBreadcrumbItem.vue.js	1619	6091c165c51e846dcf0a42b91729f36f207c318d2d4756663ef28c71fe42ccf8
core	components/navigation/DzBreadcrumbItem.vue2.js	70	234b6a2b072494cae2d7070b00d9189b21b1cf2f498a5761e553e9b6c3a501cd
core	components/navigation/DzBreadcrumbSeparator.vue.d.ts	924	c22f25b24a2bd9ab392c3669c7e2109ed06f6a1b4055899b3d1b8a6914642f10
core	components/navigation/DzBreadcrumbSeparator.vue.js	1024	4a93ed3f54b9fec709bf879a5b7fdd40e76d272b31636d0e3f1b7489920f75f7
core	components/navigation/DzBreadcrumbSeparator.vue2.js	75	be10fad0d2b86d9e36358e9bc35e41a6714ea98eac26833829e2dc8e5181d319
core	components/navigation/DzColorModeToggle.anatomy.d.ts	3233	2d52889a3136e0ab98e640c9a9cf09ef7cfac7121a3bd17e2dc5be56c2ee2679
core	components/navigation/DzColorModeToggle.tokens.d.ts	762	eed53dcec019bc3d2ee3fc35febfcd7bdc5912678911d0ab23c1d83853b8dda2
core	components/navigation/DzColorModeToggle.types.d.ts	2414	bbef9bd4a288d94199d9e1803646c42a952e8d4c20948d29a3ea118e1039ddd3
core	components/navigation/DzColorModeToggle.variants.d.ts	1312	19e7e92b68911c9a4b2e8a0be85260ca30ac70616f3cd50df01d903b4d3cd10e
core	components/navigation/DzColorModeToggle.variants.js	689	fe9316ebcf0b1b9c3a6c5be977187d87eeed16a918576c136f292c531b88f0d8
core	components/navigation/DzColorModeToggle.vue.d.ts	1300	38a71952d98dcf23384739836bf788c44b075712523819b70fe5ce9594fe6c2c
core	components/navigation/DzColorModeToggle.vue.js	4942	a64f0c01a77405d14cd8ee45b4621e91cf388b205a0ab3325564b4a83eb0f720
core	components/navigation/DzColorModeToggle.vue2.js	71	70b01af1d60581bb0703c6674e7e71e5a844b8826a61b6096e0bcb8cda596736
core	components/navigation/DzMegaMenu.anatomy.d.ts	6073	a56df3d6c79d024a5023e33d9b5196f8d4c2a4913a038d5bc60f37a038387689
core	components/navigation/DzMegaMenu.tokens.d.ts	2118	c329673e21d43898c5c7d4a8a6d7db66f0381b100b9f9b5c0be460e5903f315c
core	components/navigation/DzMegaMenu.types.d.ts	4410	0657de70c11a778a02bd71691a108eb2ef0d2f6b9da9c5e3b1636f7cca06df94
core	components/navigation/DzMegaMenu.variants.d.ts	5861	cfe5e0f1ac8bb0f559b30f01360f74350dbc01a32f8abb280bca4db65b0af0ab
core	components/navigation/DzMegaMenu.variants.js	3747	5432e68755dded3e1aa1bb9dee71a17708d295dda5b062ca22128c2ba2a4d134
core	components/navigation/DzMegaMenu.vue.d.ts	1471	ca855dd9102de5f5e2628e1ce50c5bf2e6aa83c0c54694b3393f25844224558a
core	components/navigation/DzMegaMenu.vue.js	15728	8065e7d81741e58230d394d4558ab64a90ad72f6686e9e84dcb9a7b11a92f356
core	components/navigation/DzMegaMenu.vue2.js	64	dd51f961eba2f510e7eff1a2729bbe61978c012d986ed16ee288f6e7f3304270
core	components/navigation/DzMenu.anatomy.d.ts	4091	f437f9baa18edf277f4936df428588e595c9ccabd916e6e435f9cd1bab9a7a55
core	components/navigation/DzMenu.tokens.d.ts	2651	440f99ee157eec07a4492e76a0c1d331f8f64df0da66df07810b0b2a119fb72b
core	components/navigation/DzMenu.types.d.ts	2245	b3170f229d7c8391bba30725154b109068781ea0d857586b49b8e902b57b1a7f
core	components/navigation/DzMenu.types.js	76	47b6a558401c525811377e5f4fe82a6e4924a6b168a40799c4b78bd72ea3d7c4
core	components/navigation/DzMenu.variants.d.ts	2990	d14ad7345ca3d8e676e04404fcef518e3e5ae933a50e4f73cfc82a8b0fc5e7d0
core	components/navigation/DzMenu.variants.js	1422	4470231a5b806801daa8506f119df33fddcd03baf677b32b3a011c3112f50ff9
core	components/navigation/DzMenu.vue.d.ts	883	c07406f5c82499f8d1bf41efa600132daa8783634b4bef20bd4c3865d7a0c9e6
core	components/navigation/DzMenu.vue.js	1395	35f26d3813e63830b170e8c2f6b540c6e0dd2d9b1876e7d1c9f0e6837162ebf4
core	components/navigation/DzMenu.vue2.js	60	c5ec5ff6cab33d2ea386781b0a0e802f5643193a58ff2dd5b51a6c995830b246
core	components/navigation/DzMenuItem.vue.d.ts	970	f13338dd7b2c88f5caa20372b155a0ae78d4cb138d8b8663d3967b602b081ae4
core	components/navigation/DzMenuItem.vue.js	2545	4819006ffac3efd228fce68aca6cf0e81bb9f20b4c016bf823bf715ddc3f1c61
core	components/navigation/DzMenuItem.vue2.js	64	c66007e713784f261bf0f5666ff8444075415636e245c5588af1d2228009f538
core	components/navigation/DzMenuSeparator.vue.d.ts	320	09b1271f73d90a01c889b4963a350825cff11493498b4141fde2399ce09de43a
core	components/navigation/DzMenuSeparator.vue.js	671	e5c40aabf45c8c736d7e10c4636a57bf0e9ea2be949e8e243e947fcd88ded10b
core	components/navigation/DzMenuSeparator.vue2.js	69	052bbbbd70a453cc7508aed075175a6a2a120aafc2d896d11c09ab2c679e1017
core	components/navigation/DzPagination.anatomy.d.ts	4083	d9e4628ff7991f883fd6357acd3b6c65814e515f4cec7bd9d64a7f84f78e56d2
core	components/navigation/DzPagination.tokens.d.ts	2016	ddb4cb4a94e0221d02f274b77878193d80b9506a3ef8592b6be046dafed4efd4
core	components/navigation/DzPagination.types.d.ts	1483	17e1957250f0452d58ae225960aa9893f3ee698d72ae51021f6c16fbb195eabc
core	components/navigation/DzPagination.variants.d.ts	4079	1d275aca054ae50feebd1daa9659ffd511a12ad1df3858f1339427bd3e969565
core	components/navigation/DzPagination.variants.js	2167	d81571d735cec1e9e072c84d40becc1f9f73d49ee0da3a3ac759602de2c7b67b
core	components/navigation/DzPagination.vue.d.ts	1642	722faafcd6cace8990855ace4efa4fba57d2fd498b379e289a8419f475255244
core	components/navigation/DzPagination.vue.js	6751	a0ab7a5b3904a66d315619a2dc3a8222ed0049dede412a66e658ce48cafeabb2
core	components/navigation/DzPagination.vue2.js	66	a4578827bc25df42900e8cac64ae42971e32205922582040ab72aa1d202106f3
core	components/navigation/DzSegmented.anatomy.d.ts	4068	4aec51c1ac71203b7cad3aba420694f806d7b0237e90917afefcb6c8c20343c2
core	components/navigation/DzSegmented.tokens.d.ts	2489	fec16aac6b8ae6f94e234e748e6c3bd8b33ecdaf3fa3739edf4159681c5d76e9
core	components/navigation/DzSegmented.types.d.ts	1275	d4468ebe1a5e9c06c7ef40e276723eecac7a7979d0255362a37ef3afd096d430
core	components/navigation/DzSegmented.variants.d.ts	2663	755cbb1174b9073b98d9a9c955c212e97b378b92359f41ec9d6c5952f8b6e956
core	components/navigation/DzSegmented.variants.js	1388	929ddccbde81faa95c55f424ffe9a468250ab030bae8c7d10e2326575c1b17f3
core	components/navigation/DzSegmented.vue.d.ts	1231	06e2c7587b7b3c6d49141d221f424dd1033690ac6994b11a098d7c2c26b47a38
core	components/navigation/DzSegmented.vue.js	2636	91a2dfd07dd2d02bc3f14c8a91fb4b915b994e7d1ba7860fc65b7eb823edb476
core	components/navigation/DzSegmented.vue2.js	65	23e0f4410fb54c05ad37d6d8fc63f35d97d60b0c82d176cb6d9ed318419bb39d
core	components/navigation/DzSidebar.anatomy.d.ts	7348	aced1ad18974e0eb4066a9c85af020d7fb8ba10bd38befde0bacebb6dc741b27
core	components/navigation/DzSidebar.tokens.d.ts	2524	90c1d2bc6bb62c3543cd3157bf0550c08b972dc714d6021125e7035c5c7a8654
core	components/navigation/DzSidebar.types.d.ts	6428	9189891529a48f5c5015bb49ce722c47d5dc4a8cad5f290dd3c2dd209a50ec09
core	components/navigation/DzSidebar.types.js	82	848b21c11877b9a6040b5b73ca83983ca3723118ddec52c0696ea12999ef89c8
core	components/navigation/DzSidebar.variants.d.ts	5786	5bb97ec67cc84f18ef9c599ff4d0bb159a6bb67e65835d4f0b0ce6f3c86d7b3c
core	components/navigation/DzSidebar.variants.js	4037	334b552f5920b4b404d59055db4d7479818b7e2b0e39fb01aaf41398119c9dae
core	components/navigation/DzSidebar.vue.d.ts	1557	c42b055693280a6b26e7a0aebf8b034b3a0fbbbf9d084bda7337ebbebba1aec9
core	components/navigation/DzSidebar.vue.js	5488	e5ab13805e77be09bb13abbdf3badf6897959e9e1d86e86336cfb180fb9aedfd
core	components/navigation/DzSidebar.vue2.js	63	875f74a9777e30833d2f6d3b6c4c338b02877231660d37bb874d9bd8ef3cc5f5
core	components/navigation/DzSidebarFooter.vue.d.ts	861	5c299a7bfc12a3a206b9a9ce50c8bba4aa5ce88f36581e20f3a1d303cdae10b5
core	components/navigation/DzSidebarFooter.vue.js	855	f31e2285d35d3483b26511773ef00a762b4172144f9ffcedab4121088648c77f
core	components/navigation/DzSidebarFooter.vue2.js	69	487180960ccfa8602fdd0bf36d1d940e94f801191cd0f342a1fe7f3ebd3eded3
core	components/navigation/DzSidebarHeader.vue.d.ts	861	72a1b397234ca6145c4edfc4c540148bce4f6f74dd5befbbd1fd7f08717c68a2
core	components/navigation/DzSidebarHeader.vue.js	855	5b1ac50b9be1639f5774e279fbfc3414a069da9bbd2860dc3fef1e13ef4ba38c
core	components/navigation/DzSidebarHeader.vue2.js	69	f56fb4ca44637de4b35536c8f29d3b7454fcc8b083b01a008d01b2be4a40f78b
core	components/navigation/DzSidebarItem.vue.d.ts	1206	3a7994cf1a52a407a4356984826722bb007414cf34e6fe25c745d3b69707338d
core	components/navigation/DzSidebarItem.vue.js	3268	577ee299dfc21affc2adb821d5ad20a501cc0990b9c53612d71276f3e557be80
core	components/navigation/DzSidebarItem.vue2.js	67	c919bce1b952ede338004fa0a04125ebbb7b682f9ffb12af6a39540b6a482feb
core	components/navigation/DzSidebarSection.vue.d.ts	939	30d6d28dd917192685d1e623e7487bd352a48eb94dce63e3112abde04c2fec06
core	components/navigation/DzSidebarSection.vue.js	2994	ba9904eaa20346242e1e4b1d96989bbabe414de9c948dbea8eeb54654e785411
core	components/navigation/DzSidebarSection.vue2.js	70	138d2a0ce87124fea3a61df974bfc00e9f67a8c5f45f29be51c459f5ceced819
core	components/navigation/DzStepper.anatomy.d.ts	2607	31696169b1f0b35b6f15977fa3d57552848e1537fead468621f92fb8a160d6a0
core	components/navigation/DzStepper.tokens.d.ts	2330	a119855486495a902cfcda717edc8ce054c385ca93969e3d847410d41d8d51bf
core	components/navigation/DzStepper.types.d.ts	5711	24effc7887689ea929cffeee831a437b9e2dace417a2d62ba5fc05114d56dfa2
core	components/navigation/DzStepper.types.js	82	85208e9ca5b043050358ec48514e9216954b0759edf9698e154f30d1b8d5363a
core	components/navigation/DzStepper.variants.d.ts	5307	6e8cda372cfd6c02f9aaa257e21f0a56fc63feb69477f56d24df972031e2037b
core	components/navigation/DzStepper.variants.js	1782	c09184a42f7dba250bd3e8efd691d7c927ab12c12ee1242faf2e8b6b395a4ff1
core	components/navigation/DzStepper.vue.d.ts	2482	83be758d6b31bd3f17cc0d2229152eb2bfb83078483d3bd28a053918eb934a7a
core	components/navigation/DzStepper.vue.js	3058	42db99a0897992e3813a8f2f23166c4b699dfd0b85bc9e93872d632642363f50
core	components/navigation/DzStepper.vue2.js	63	2397eb46ee214b0da32ff6905855f8cffe47e849557e0ee9ed2c5e0a942e335e
core	components/navigation/DzStepperItem.anatomy.d.ts	3335	b39b34f07f5dcb3f798e2859a0db8cbda294797a6bb044a6cfc2548cbd49ebda
core	components/navigation/DzStepperItem.vue.d.ts	990	d4f27b88b27a107eca59147b44f1a12265415a94e119dd6d15cd6eada4cfc5f2
core	components/navigation/DzStepperItem.vue.js	3589	75ddfc9ffff9497ff30fbe604412c6ab648c823664eae719caed8210177fb7c3
core	components/navigation/DzStepperItem.vue2.js	67	31b9953196f9683d736a120fe5631527027a8a17761b2c74e5f1b133e3469e06
core	components/navigation/DzTabContent.vue.d.ts	866	4f9d4832ac1a12ec8934775a295c0ea80898de48c5544e579fb3f1926148e464
core	components/navigation/DzTabContent.vue.js	1176	34eb49d545cd51be35d0a843d8f4face67b31e1405f958e2f13934b4f37cfa1a
core	components/navigation/DzTabContent.vue2.js	66	2a53fb3f3c7801c023120f3ad7671702a2f8c081e15150597a0ba4ba868a7931
core	components/navigation/DzTabList.vue.d.ts	842	2876e3e35dabc1f3a2594f511c440c46d750778f48d188c0b8c1bd48844c8037
core	components/navigation/DzTabList.vue.js	2208	7bffc110e80a7fb03fd063f2b45f25d43bfd1f1bfdb6673c23aa4d0e81c1838b
core	components/navigation/DzTabList.vue2.js	63	5f1e4c7af11bf1c7f2482b705ffc77df87a34ba8e26ad12a5fa1c6b7a67cf2f9
core	components/navigation/DzTabTrigger.vue.d.ts	887	caf5adc6a5520cb1a59c1178b0fe8bbdfee1cdbe5d765a272a9f51af59026080
core	components/navigation/DzTabTrigger.vue.js	3103	838374a1d733d01722d44bdf5b615bd2ad4f87aac5f6f8b58b0e0e64bd4b826a
core	components/navigation/DzTabTrigger.vue2.js	66	1617be077e4f86877ab6f4b356324a292f347d0bfc953d73cc66d4ae635d0092
core	components/navigation/DzTabs.anatomy.d.ts	5371	4b62ca0f50c5e917f1826066feddc0ee8810881e23ac43081d7f6f303cb65ba8
core	components/navigation/DzTabs.tokens.d.ts	3402	10693b4e95776f66f18379a639b8bd33aa8436cd4874af71c24e1a605a1f311a
core	components/navigation/DzTabs.types.d.ts	3904	fd2ffc8ef6743e620d18b2469a5efd74e31f47ede10ae391414cceaaa7255815
core	components/navigation/DzTabs.types.js	76	2f3e1cba3aad9a5fd0aaefe210f28ae18ba8f626c77eecbf6bbd307cc719ca9b
core	components/navigation/DzTabs.variants.d.ts	7541	2e3e3d179bf39982828abb24c9fa5b4e323eefc0f81a8c6f924d5a56e68f62f6
core	components/navigation/DzTabs.variants.js	6323	c11b0f908c38ee765f5a8a5bfd79f64e78b48ab87ce6b5df23e4af66149661fa
core	components/navigation/DzTabs.vue.d.ts	2376	2fb3dfbc48183f64d8e9829d03627b229ac8ae069e83b65d1e87bb88aff6f703
core	components/navigation/DzTabs.vue.js	3267	849e0e0806a7124c7d3d3212ebfe151b4940b6a38d3bbd5476d0851f1f82be56
core	components/navigation/DzTabs.vue2.js	60	cc12e61fdf384d5177c33ded4f43d807f4043ba92dfb46bfdd828f5a7b46d9cd
core	components/navigation/index.d.ts	4686	c818cbb6dd470125e63faca35e67873c72d00b7504ead314e489d9ee4ce6ee01
core	components/navigation/index.js	3166	c885254efb9d59778df45b61e81808e7cd32793abb0d16f2446569ac9a86906e
core	components/overlays/DzCommandPalette.anatomy.d.ts	4125	1b5c02e02f36d8a7aa91eea1addc84bd642b82ac3b6a6b6299cf219ef8aef035
core	components/overlays/DzCommandPalette.tokens.d.ts	2875	d804f65583fc46141121407248074825dfc6bb58dd90ca5bbefeddad382c575f
core	components/overlays/DzCommandPalette.types.d.ts	4094	eeb585a6e16edb7894debee1251f4b02414fdc3797c074a25ef22f193ca5152d
core	components/overlays/DzCommandPalette.variants.d.ts	6362	e125fb38b5df8f767aa951ec768b6b0dcc60ac05d910183e4f165432623dc6fe
core	components/overlays/DzCommandPalette.variants.js	2826	21e5f9e79213a37fd1a2048840365442fcfe2dfc9de1f3b65f4942ced761f0cc
core	components/overlays/DzCommandPalette.vue.d.ts	1671	fc1ca456456d4e273a65d9055298c36c5aa4155e4157c003e208a28b8724852d
core	components/overlays/DzCommandPalette.vue.js	14279	83d5c7d99806ede154a5e0d72af91fb843c275134b65208e7cbb48be336d8b95
core	components/overlays/DzCommandPalette.vue2.js	70	16122426cd9f9c533f4d8a6ae9edea30dcc515eb50a0f33d1cbe3024854953fd
core	components/overlays/DzConfirmDialog.anatomy.d.ts	3796	c07fedf17db84d3587db2f137393366f4b2700fd4dad1dc6e25677c27b16d2f5
core	components/overlays/DzConfirmDialog.types.d.ts	1919	e723ccbd68a388e78d1c90c2e0dd19bdf15853d5fba602919cac6828abc190eb
core	components/overlays/DzConfirmDialog.variants.d.ts	1752	f20601e93dc82225ebb73ea496367cf615f3d19e079ac7ad2f17ebcb2db8e2aa
core	components/overlays/DzConfirmDialog.variants.js	896	246c4508ed096993dc16d00be1995de53549adc6914075e8b9060eb570342342
core	components/overlays/DzConfirmDialog.vue.d.ts	1438	4bbec4519619f4795201c0e97c920376537c15493908814db66e37157cd3dd5a
core	components/overlays/DzConfirmDialog.vue.js	5979	c1b9726742fef91fcfa32b7134cbcfd43936e37b816607260e0032124a5c6025
core	components/overlays/DzConfirmDialog.vue2.js	69	fd24334460c3a21dde23fde1511f3ca19b722c64cbf53df6109430d99126d950
core	components/overlays/DzContextMenu.anatomy.d.ts	4451	6ce22496716926b6dd652f68bcca06afa5095a507237748239914a5e1097bdf2
core	components/overlays/DzContextMenu.tokens.d.ts	1356	5b7787159af0ccac9b117c1d21ae3a3bae2e94a0071a04345f0c036729d7ba80
core	components/overlays/DzContextMenu.types.d.ts	2676	e87fbf3e729212729804f9237d6ef2cde37d44674a3bbdb1bbf802134b6872b4
core	components/overlays/DzContextMenu.variants.d.ts	2953	ba08037016eec0534517454d229792043ef1e1cdf3a957dc6b6889cb22979916
core	components/overlays/DzContextMenu.variants.js	1418	91ca73e1137ebbe9b51bda685e2abb4b45462e000dd836ced2d9e81f5e6d8407
core	components/overlays/DzContextMenu.vue.d.ts	1120	349357d14b253d5580173cbe2aa673cb1a489b7f9335aae87fe7a88c5861c565
core	components/overlays/DzContextMenu.vue.js	772	eab66d99becf73fffd8eecfd2f9fa352446d5005e0031a1ee800474179a99523
core	components/overlays/DzContextMenu.vue2.js	67	1aa992b29ff90319a060b5d8fc7335a4edb1cc057eb2087cdfeb36d3c248aed7
core	components/overlays/DzContextMenuContent.vue.d.ts	1367	90d76180328ccfd995288904604f66eb9063d3b6cf90373cb7df5cf377abcbeb
core	components/overlays/DzContextMenuContent.vue.js	2198	95dbe5a415c61b063f471b733e1bf9ad64925f5a8228be12fa055334910981f5
core	components/overlays/DzContextMenuContent.vue2.js	74	2d2c41c5689e4d631d000317570acd04c9792fa4514c476f4703ea3ab22df804
core	components/overlays/DzContextMenuItem.vue.d.ts	990	d56e15d551aac24bb0ce5d8dbfae2b9812d463ba4ef7f8e059f55b60519fefa8
core	components/overlays/DzContextMenuItem.vue.js	1643	faddcbc68bbb694b993c5c63bf3ba24d7089cfb8f755e1a8425815c616c82c65
core	components/overlays/DzContextMenuItem.vue2.js	71	56a4880301a0f5a86ae67ec4bb1706c5a727dd24e43b7aca8bc0202a1fa9f264
core	components/overlays/DzContextMenuSeparator.vue.d.ts	320	09b1271f73d90a01c889b4963a350825cff11493498b4141fde2399ce09de43a
core	components/overlays/DzContextMenuSeparator.vue.js	695	9458cc70cc61b8c7fff5048d4779062747d5a4f6de64c7d0f0fa946092873562
core	components/overlays/DzContextMenuSeparator.vue2.js	76	7a0e1f10e4c6f3555aed85c3a46491121df53b3948fcd245021d8d0013797dc3
core	components/overlays/DzContextMenuTrigger.vue.d.ts	821	e9de8a8b60f135479b0a3e606b90450072cd077f6a064f4dd6347aac6349905f
core	components/overlays/DzContextMenuTrigger.vue.js	447	bd0d28135aa6a8e5f16cac511e5cff9eba0d68e7d8b9fcc4f2eec54fb90ba0e2
core	components/overlays/DzContextMenuTrigger.vue2.js	74	d7cddeda7cff988ad9a2134ed00c0a92a1bec6259d5f7dc270068a1645ee291f
core	components/overlays/DzDialog.anatomy.d.ts	3141	7ed372e583a9df48cb691bf995c4c3531e542ed22521a374434cd511e963ca8e
core	components/overlays/DzDialog.tokens.d.ts	1845	c77549d1a6db6e6f4c3f10d6e67e53ff894bde8fff5d479f83c513ff9923a308
core	components/overlays/DzDialog.types.d.ts	4940	6e2cd335a74de1c37b1dc8669c62b9b9e8983573e7fe55752b6b538fa0994aef
core	components/overlays/DzDialog.types.js	80	a4b88b5697acd720724122a654f8d4274c6d3817dc3a0820d829ab0dd86cb8b1
core	components/overlays/DzDialog.variants.d.ts	4001	235330c4dbad242551cc8f0c707190aaf1fe02d01bc74a46ab5e15178bcc5908
core	components/overlays/DzDialog.variants.js	3141	dd7981b46256db148b29aa8aa25381bf3441b2e15069db5deab5702bb86c66c9
core	components/overlays/DzDialog.vue.d.ts	1139	08dc9e859a515097aaa138a5f81be7a97c4185e939d75f583c4962337c1df999
core	components/overlays/DzDialog.vue.js	1250	e927e810ae55996e9032a810423c0f588cc7fa6663a1e5ba13965620766228c2
core	components/overlays/DzDialog.vue2.js	62	0d85519e6acbf438653145dc89dcc0e59588aba2d694fe0e1613b798f86703c1
core	components/overlays/DzDialogClose.vue.d.ts	871	f550ed8d718ab90252a614c665e37511d0fd5ee1a4342235fe65e162e8559ef3
core	components/overlays/DzDialogClose.vue.js	1215	4f7c25b9c0abb35912ae2e131e6a9e20c3502fc722d1d49af70b3df0c4689028
core	components/overlays/DzDialogClose.vue2.js	67	9f689e72d8b0589b80b1353d45225ff686cd26166537dc1864b5f2642006a34c
core	components/overlays/DzDialogContent.anatomy.d.ts	3469	83310612083e7529196b3531ad045024f9a35a057c10681d992fd1402586c0fa
core	components/overlays/DzDialogContent.vue.d.ts	1814	54aace5ebc60618da3579658ffac4cc0903e7ef48a0f21ea35b0ef29ba494bde
core	components/overlays/DzDialogContent.vue.js	4840	ebfec18256a6f0493c5ee1f30a3c50eeee64b03b1afdc9323e00413dd66fb3b0
core	components/overlays/DzDialogContent.vue2.js	69	13ff208d63baac274e351592fcd1d07ffd6051afbe4222113b07c02dc503d29c
core	components/overlays/DzDialogDescription.vue.d.ts	813	ff3e7e9ba15d44f4e8ee73a446e8ec47661ac96238b0c1907e7694c7fcc86666
core	components/overlays/DzDialogDescription.vue.js	750	da9f108a16bba8d5838f24dc0cd7291c6b08b20496ad2e7a8adf0c50b737c49b
core	components/overlays/DzDialogDescription.vue2.js	73	5efc6159e2093b3ba086d03ea7520d23968f6afa38019116e012cf7e8e5c6dd2
core	components/overlays/DzDialogOverlay.vue.d.ts	801	a0453a070e46bfdc4b4081174605faee85aa1bc2a4976d45d7796349f5741940
core	components/overlays/DzDialogOverlay.vue.js	1095	0a09debf67abb1deb934195173ed8deb1f11195c41d371c402c8b38bdeb98876
core	components/overlays/DzDialogOverlay.vue2.js	69	f8a832de0168053c6d11a72d836caa0853259799b7fbbb35a829eaba0423503f
core	components/overlays/DzDialogTitle.vue.d.ts	795	2b7d13c4d2196dad0d196538830ce21e8f20f6abea05d6b550d43c6b748ea689
core	components/overlays/DzDialogTitle.vue.js	732	2dee2897e8d23a30c895b92d3c7a4d4bbcc0520482b8def4407462ef02238699
core	components/overlays/DzDialogTitle.vue2.js	67	fa6f0b05412992fb0ad3613781cb06c0a97efa17b35acc0fb5bb219816edd86c
core	components/overlays/DzDialogTrigger.vue.d.ts	801	88a820011b065ba1a36ad5ba2383419d5f1228322ec2635daf8ccf37e4b8bbd5
core	components/overlays/DzDialogTrigger.vue.js	437	4027d0a27015e323ecfcb28b60e0d31f2f4e1a4a18b2c48f5f94bd353987cdbc
core	components/overlays/DzDialogTrigger.vue2.js	69	cb431b1ba92e8b2524be3c41c32d24fd8277275790298b60abacf2dffdd38a32
core	components/overlays/DzDropdownMenu.anatomy.d.ts	5620	d34dc737417762ab65711fc51b278a2abf1909669bed8f862d72f9743d1a1c9c
core	components/overlays/DzDropdownMenu.tokens.d.ts	1567	94599a48781a410d87eec321e6adc37487a39f12817d1e6abc68b0aee9dc7485
core	components/overlays/DzDropdownMenu.types.d.ts	2963	a600d0e56366376aab3eb3d10b6475d68b92bea8b964f72a19f63962f96f18bc
core	components/overlays/DzDropdownMenu.variants.d.ts	3313	abb57ca0d4aa16748f5784c407ee7bc37a655002a126cbf819c4a5b2611f50dd
core	components/overlays/DzDropdownMenu.variants.js	1619	16fb6c22a88dc9c8bf2ad4f2c82f11d2794ba8c4afe0ca1c27c195b287807ce0
core	components/overlays/DzDropdownMenu.vue.d.ts	1152	170d44cd8208e71325b9c747de70683df9c1489519ba74fc98d25ae6c7d00aa0
core	components/overlays/DzDropdownMenu.vue.js	893	3ce138545e3ea2ef54fc83b1e3004def9e3f33c5b0298fd7070c73ab777f9c8c
core	components/overlays/DzDropdownMenu.vue2.js	68	eec3f28752067f5e1fe0a88a1fe8d4c707fb5bb91f671f696216552ca9f11e91
core	components/overlays/DzDropdownMenuContent.vue.d.ts	1370	be702faf5a7bf852eae654cc0de1b6b9cc1c0d104208c31974437a61b7ce19fd
core	components/overlays/DzDropdownMenuContent.vue.js	2203	0896c465f98c1f325fd61e07b5ff439503f7d6c4626b46d0b02d19fdb61898a4
core	components/overlays/DzDropdownMenuContent.vue2.js	75	ffe907b8ec536edb8235526471c97ed1cf499fe1991d293add4c07d266f6733d
core	components/overlays/DzDropdownMenuItem.vue.d.ts	997	1408d87a51963c13e77d8364c551082c827affb57e233890115a0f087d86c890
core	components/overlays/DzDropdownMenuItem.vue.js	1647	2952675f42b025ccca403197f6aed0f5c0abb9d631c31cddf383eae00c788552
core	components/overlays/DzDropdownMenuItem.vue2.js	72	50fcba2bafc918a0ed225dfec3d5c48a9e3bdd2a2314648d0a418060fa55dadd
core	components/overlays/DzDropdownMenuSeparator.vue.d.ts	320	09b1271f73d90a01c889b4963a350825cff11493498b4141fde2399ce09de43a
core	components/overlays/DzDropdownMenuSeparator.vue.js	699	e232f2617b08baf9edaa1041b5af8b0d6dd6dd96b33b13d0631a1afb18b7d77b
core	components/overlays/DzDropdownMenuSeparator.vue2.js	77	046b19fa473e090db25e87ebf12e457e4005b4c3640626de4c5e99a6fbe7933b
core	components/overlays/DzDropdownMenuTrigger.vue.d.ts	825	34592eb6c7a9e6bf22d5e2654f9eac9f6a10781aafa942090a2e827d2ef363a9
core	components/overlays/DzDropdownMenuTrigger.vue.js	449	0f5e2261529bd25ba863de9088604a093bc85a2c296c6bf2a37b80439e601e45
core	components/overlays/DzDropdownMenuTrigger.vue2.js	75	2ccc307b18054c3f4e6b55a593c5a26557d4a0b6f64833d73cb705c3cccb3cca
core	components/overlays/DzPopconfirm.anatomy.d.ts	3713	f480f259924b91aea9f79d64d2c4aff5814be2fbed17e017e7df0dea32e33115
core	components/overlays/DzPopconfirm.tokens.d.ts	1757	d6f918f873b87ce8ee2eb531702071804d72e6b780bc68516530b7d25bbd8a66
core	components/overlays/DzPopconfirm.tokens.js	1015	ca15c08d94596795cd38cdcf775c7c1a7d8c928a746c1ac030ea812bcec2c672
core	components/overlays/DzPopconfirm.types.d.ts	2998	ec59196403176dfc497a493682ca548ea04735a7507c0692b9254501c8993893
core	components/overlays/DzPopconfirm.variants.d.ts	4557	3202793f7bd2a0dc86b3cb3b1c36cbaa37240762b1a0f9e417a85bdd66487600
core	components/overlays/DzPopconfirm.variants.js	2082	8c856b64f25fc28b6f9dc5d6e8f6fea2790cacb7dbd8819a45073f5f187e7a30
core	components/overlays/DzPopconfirm.vue.d.ts	15052	533ec244f31d601efdf82b297f5aafd3edad86ce9835291d32f49458a50a9107
core	components/overlays/DzPopconfirm.vue.js	7174	27e38ad26f975c92a9e807e01e5a732d99cd5604509a501f3f9ef5d770d9e489
core	components/overlays/DzPopconfirm.vue2.js	66	3490ca71e692c15acad35dfbdb59a3e324a96e88f36d28fc5c167bbe97a5b400
core	components/overlays/DzPopover.anatomy.d.ts	2764	699f7b4ab9eefb13d25805b976df40d9c6290276489361832ac3869167818861
core	components/overlays/DzPopover.tokens.d.ts	945	79e4da9e04c81475227f66249984c5f87cc022161fa05a936cc00d998c209324
core	components/overlays/DzPopover.types.d.ts	2260	a05afa6764ac7afb7795c348707e5b4860061b9e7a461ef2c76b135c1e661976
core	components/overlays/DzPopover.variants.d.ts	1899	bce526d6c37fe995bfe5ceb4835be330b33be779de44e13bc1c798f15e0fc9bd
core	components/overlays/DzPopover.variants.js	758	800c3b5e8a05877bea5a1cecf08fc51b8b54144e75fd562a84b8c836ff9d63d3
core	components/overlays/DzPopover.vue.d.ts	1060	667c2c42bb441ba27a6af157d8323caff62dbe7306d80493a5b7c44fe4143023
core	components/overlays/DzPopover.vue.js	777	66b67f7f53efdde81826ce30be85f798fbd95076e503e59f98dd14b17a9978a4
core	components/overlays/DzPopover.vue2.js	63	9248245f639267305fc419febd341ba37f306f461013b55e877d325a274bc1f9
core	components/overlays/DzPopoverContent.vue.d.ts	1713	f578b501a7071bfca0253a13c22af6f3e000f45c114202b025925a09ffde0b00
core	components/overlays/DzPopoverContent.vue.js	2764	30ab7cafc683ed3c943e9d3eaadced89780a63b1105d86f5aa7bb03bdb3c445a
core	components/overlays/DzPopoverContent.vue2.js	70	de5955b381c7ac5362db0aa1f79e8baf01d67830157b536aac134e8d2caabf20
core	components/overlays/DzPopoverTrigger.vue.d.ts	805	5ebcb7d603c47e92f49b9efe5d47bd65e2c3c2045e21e5ee0547ff164ba7d9d0
core	components/overlays/DzPopoverTrigger.vue.js	439	0fd589322c743a1ad0fb89015d6fe64832dfdfed4d3c6776cb32646a03b2d3c1
core	components/overlays/DzPopoverTrigger.vue2.js	70	86b6fdde51e75fb195296a6e7b1865cd076f9515ec56ce81e690241b137912c1
core	components/overlays/DzSheet.anatomy.d.ts	3307	9edddb8ff7c5570e115d04c4d1a58cd37c218d89f522146a12899ef8e53b5ebc
core	components/overlays/DzSheet.tokens.d.ts	1606	3e077824016e958fff46dec4173f3879e919142fb37ad1dd38492467a0ba4cd8
core	components/overlays/DzSheet.types.d.ts	1951	4b37e94d7e826cae1a88da0b0e566c97f432feb953f509856bcd14ab82102705
core	components/overlays/DzSheet.variants.d.ts	4014	8491eb977a0f2b865c2d2be7840386114e00cfdfc747930ab08ad7b945671ebc
core	components/overlays/DzSheet.variants.js	2743	1bf095eddfdb8c818171061a9ebd7e2d993f1847f01001361cf48e54859d87bd
core	components/overlays/DzSheet.vue.d.ts	1048	2a13fbfebd7e892e920ebf9331b1d7988bbfe35ce020c606fae9fb4585682d89
core	components/overlays/DzSheet.vue.js	774	844f55a766e1ae66925b5c06116c0a638c49be54dac48f7a552a45e06451450d
core	components/overlays/DzSheet.vue2.js	61	81647b3ea30f1ee481f75eccd123fe631f3056e57f7a3f6ada229e2d7f3630ff
core	components/overlays/DzSheetClose.vue.d.ts	791	98c1fefec0c7c573aa1efabdbe5eb8ba9585c18ee4dd16e9a64c50fa3bd073d7
core	components/overlays/DzSheetClose.vue.js	1544	ce884f29503fcb79609d01c75d0e2ab0675041281fcb8fb9b5a1d052592340b6
core	components/overlays/DzSheetClose.vue2.js	66	5b23f4fbc9aa6997945e1e6d320f7170c8318c11278d2421b788f65181c296cb
core	components/overlays/DzSheetContent.vue.d.ts	1387	74405a8b6d48ff58bb69c958ffaec4a2d8310fb752875441a3362e79f92d6082
core	components/overlays/DzSheetContent.vue.js	2790	b685bcf0c946bd01bebc0e6a9e0026e453bc8bff2c950d7f8cea23c174ddf06a
core	components/overlays/DzSheetContent.vue2.js	68	03e4ba6868e854e141eca3841560fe74ea63731e84558ac535e364f141678612
core	components/overlays/DzSheetDescription.vue.d.ts	809	8ac946eb5b820ca5b81fed432079ea791748fee96a9c6b85a48f56ff56a9ebf9
core	components/overlays/DzSheetDescription.vue.js	791	7a931e81b3d0982f82b9762e02b4c5f5da2cd6c0827b151fa41f2a5b40275fae
core	components/overlays/DzSheetDescription.vue2.js	72	a1ddfddbe27b618b7e4e9d6ad7029b336193b0065e6ccb0d1f57b1c187191dd5
core	components/overlays/DzSheetTitle.vue.d.ts	791	55ebbba9a3708c33dba67fba43ef4be05df7bcd77b06dacb71151054d788b0aa
core	components/overlays/DzSheetTitle.vue.js	767	550a8c5168ef1be3ba528da8529bfaa86cbe0f4bb601c1715ce84e56c9f676c2
core	components/overlays/DzSheetTitle.vue2.js	66	0ce0ef70416236ade3f2a998469fce15719090fdfb6ad4bc297d5b15bc2053ed
core	components/overlays/DzSheetTrigger.vue.d.ts	797	4e5d54ec519c81bf50fb0a06a2a22283230903c918539e1208e2398ac464c1e5
core	components/overlays/DzSheetTrigger.vue.js	436	5e43f4b8266b09a519f88c3faff52802ae24070175dedf48ae11c0dfe433c3a3
core	components/overlays/DzSheetTrigger.vue2.js	68	1f9f710740c7bacd600968eae7b02e1bafae32915c8f28dd73596f15860d8e3c
core	components/overlays/DzTooltip.anatomy.d.ts	2769	804fcb158cb6b413ab2f1752797393d8eda6e97a6fe7503fe7c87994a4ebf964
core	components/overlays/DzTooltip.tokens.d.ts	865	c369df4595ca53c22665631aa7f675592fc091c70d645928d57ba7f9cb15fbcf
core	components/overlays/DzTooltip.types.d.ts	2013	143eaf792f57808a3742b0b05e0d60f53564409f947392e48b2d9d4dec6a9701
core	components/overlays/DzTooltip.variants.d.ts	1801	c38084c04a129c6d13525fa533b01ad7e3f689fa986db8c7ca4ebccdddd922fa
core	components/overlays/DzTooltip.variants.js	609	e33866c42e418e957929e153c7211c8a2f80fc3316bfe4471bd1f744a8ae52b1
core	components/overlays/DzTooltip.vue.d.ts	1141	a14acd96e8da86457322e1d5aa8d6b934a5c85b540997a90293fbe98bfb1fcea
core	components/overlays/DzTooltip.vue.js	1168	c7678712d01df066347ec6f2c8bceafe126aeaf5d9e0d44f21e084833272394b
core	components/overlays/DzTooltip.vue2.js	63	2b533c0650e0baba81b3282bc94a5dee3ef4f997d8046259617f72de9baee1dd
core	components/overlays/DzTooltipContent.vue.d.ts	1113	603e7f8134103ae72c8d7898774cfceaf055304ceca8fc4aacf53c7c9c204411
core	components/overlays/DzTooltipContent.vue.js	2128	6c45824c5c0634327b2fa9753b03754819537cbedf39d474c7c7f4f38c76b459
core	components/overlays/DzTooltipContent.vue2.js	70	c2576d38079e5ac1df039336e319ef7603b0aad1f03ca3f95f0c15e6c551136f
core	components/overlays/DzTooltipTrigger.vue.d.ts	805	08450cdae975f03d75b346215c070e8f317de1826512a1acd3b7416cdd92034e
core	components/overlays/DzTooltipTrigger.vue.js	439	bdd6fbf43ccf24265f4f8e8437ac2000424155ff707a96956fd65305a0b60288
core	components/overlays/DzTooltipTrigger.vue2.js	70	b99140b22ba688977f2f6c42a765f3d54e7833c79ccd93466d274232d05707fe
core	components/overlays/DzTour.anatomy.d.ts	3501	d8cb579addd721159a8081e894c02e9f5ea78c6053968a59f8d545b6b181216b
core	components/overlays/DzTour.tokens.d.ts	1704	6bfca88243290de6637c18af08b620560bff33e681d3cd7430925fbbcfc26147
core	components/overlays/DzTour.tokens.js	201	263c4c0c99ed39bc508b889f491d81a2b084349d3a6d89a0e6c061ba4aaa29c2
core	components/overlays/DzTour.types.d.ts	3610	c09f77c905ac01b213d4016361965935214e48ae3c2ff431bad7ff02bc2f1179
core	components/overlays/DzTour.variants.d.ts	3336	d90b244280f83a1a26c8416d133abd1fd2109d136e96593b0806ea5e3c145543
core	components/overlays/DzTour.variants.js	2269	0ee0d2cd649209f4788610ccdd432baf87fc7d657da78368c92cf6539370b515
core	components/overlays/DzTour.vue.d.ts	2306	57aa1213cb33e92daaa67de1b3c28763e52ec9cf1db88b89db12a8c9fc3aa7ff
core	components/overlays/DzTour.vue.js	9366	8661857d4de9c9b54306745fe0b2ff6411e81ef9120c5516b25043bf024d8843
core	components/overlays/DzTour.vue2.js	60	1e5cf7785cffcf19bdc43960176efe2f69c8f74ff6be1368d4c14e01adb042a1
core	components/overlays/index.d.ts	5747	8cebc9c277c3308918876cd67f51f9978382c33ca1fd4b627059aee47b567172
core	components/overlays/index.js	3830	05aa2a421565f43d58f28ddf5666e8bc870cb6b3c9d34b1b826b9f440ce17f65
core	components/typography/DzBlockquote.anatomy.d.ts	1463	585ec564b8ee12a15ee1fa9bee133a15eee2a34850916e966599bec5a9cf0651
core	components/typography/DzBlockquote.tokens.d.ts	849	d7c23652fe02b824507933d396e1b18212be5b444011c488e5db3c64a8aa6e8c
core	components/typography/DzBlockquote.types.d.ts	808	f5d0eda82e4c61bb0ae90bb1b6449ab2729f9a598a2649e43fd094f6fd99dde8
core	components/typography/DzBlockquote.variants.d.ts	566	970af55d252871a9967cc22d2b61202375f054e1342efb53a5ed81338dcb0fde
core	components/typography/DzBlockquote.variants.js	294	88696b710f24c4f073e463326b4cf95fc0689cc04feb2794f001a343e38de10f
core	components/typography/DzBlockquote.vue.d.ts	907	babc73a503e50ac5d8aac356c987b1fdd68ec3626e6647bc0ec62f84f9fd6c9e
core	components/typography/DzBlockquote.vue.js	1494	108838dd890597aa09b840f1bbe7b42a1f4ca273f6f0beb1a032a5d676fc3484
core	components/typography/DzBlockquote.vue2.js	66	b6eea3a7e2113c0a4a176525ed901882691f40f3519ed2c1a221f2aaf7ebd3cd
core	components/typography/DzCaption.anatomy.d.ts	1063	f6c211cdc46f1a0abfb85a9b59948b717f3d058c70a136f5d1594ff2afead350
core	components/typography/DzCaption.tokens.d.ts	742	926f008883f7997a41cc19e8682d8935d988992c0956ebf4689b17cce8d04911
core	components/typography/DzCaption.types.d.ts	830	49d45a4b62efbac63e1814e3a4934a1ebad0d780cf05812178d5572af6645ae1
core	components/typography/DzCaption.variants.d.ts	1635	b95745b46c17793da8c9606a6b2888967053a536427c14741ecc694dba3e0a4b
core	components/typography/DzCaption.variants.js	529	7595a14cbcd3d56d15f9bb5fd8810df7a61aa69337c88d47f341530840c50326
core	components/typography/DzCaption.vue.d.ts	934	7a680ece0bbad0a33783ff754ca953be9439bb6db6fe11ff274292876993cbe9
core	components/typography/DzCaption.vue.js	944	ce7df3097cd435456596fd2562d6ebe5f41efa1849fc26a87faaf3b425fc698d
core	components/typography/DzCaption.vue2.js	63	d2ea05a62e5af511e9ba9d7ff8b38323332def73c6652699bf9053445d887c06
core	components/typography/DzCode.anatomy.d.ts	1545	bf825ca48e236b555eeb2aaec200a68cf53221f2f6acc3563af7b2f66ad982ae
core	components/typography/DzCode.tokens.d.ts	1000	b5e7e9aaee5d164c4629fdfed9f5ced9ed1d79b036c3b619d06d1e66dd710801
core	components/typography/DzCode.types.d.ts	878	3b93247e42099cb0aa29cf52671d64bbe56860d4fc0cab6e3c3a90e1b1fb3c28
core	components/typography/DzCode.variants.d.ts	998	1bd0b95c845fcc2a8602a57228961c770de7e2709520d2f04ab29bfdb1a27d97
core	components/typography/DzCode.variants.js	790	b506ab522bf421296b062b449c2d4f2de02e519db6a69d55c0028d028ec546c7
core	components/typography/DzCode.vue.d.ts	907	d35cef6cca7307cf8506a0055cd8d55646fce05a93a2da967b249f52352b9ba4
core	components/typography/DzCode.vue.js	1358	3cb7314f9cd01e771ac61cb2a0ec47a4b3b5dc105d2cb6f4caad47423c092f08
core	components/typography/DzCode.vue2.js	60	3bbfda291fedaf6b117d35e8c4e6e89f4a0bdda2ee508bbf4f6649f5c6b3ca0c
core	components/typography/DzHeading.anatomy.d.ts	1346	be07275258c42870eddafe40a1e7441f64ba64f374b9ebe3e656dbb089230abf
core	components/typography/DzHeading.tokens.d.ts	1442	5bba91f0b21955e7a5a2efa287ba697bf765932ec4365cda4199a8520cfa36be
core	components/typography/DzHeading.tokens.js	870	45a668ea5a0516e8eaee53ede1d261a47f85306015b08df1347964a10d3dfe21
core	components/typography/DzHeading.types.d.ts	1435	3b478c88db6bbdc032d990fae8c30e134efcc51f3ba5977ab859666db306d96e
core	components/typography/DzHeading.variants.d.ts	4173	c17df729a2e05c2850f80cdd0d79ccbb1d6ec5fdf6d913324bb762990f1e4abb
core	components/typography/DzHeading.variants.js	1704	85907365f5a0a00fe476c04d70f239c9f086de79c01ef2f3c53b2902b9c080b5
core	components/typography/DzHeading.vue.d.ts	1038	7353fca5bfb23b50c3da7e5e0f2117645dafe73825a13511046ddbd6db088989
core	components/typography/DzHeading.vue.js	1393	b1e8c1515e9fe3f29d104812612a68519da4b4058441f6b9510643cdc2363926
core	components/typography/DzHeading.vue2.js	63	dfe62f2ffa796ed565399c5c26e11fcb8e15083a30dd21c4c24dc07287fbbe95
core	components/typography/DzKbd.anatomy.d.ts	1768	ab593cfeb3d90afc63317b72a12d9dfe5e9438b62e2793331818b138fb5daf51
core	components/typography/DzKbd.tokens.d.ts	1299	e7a465b2fca5db08de894104d8beeb5002ea772689c022fcee3318a5f603629f
core	components/typography/DzKbd.tokens.js	791	2c436def344b11d67bd9ec9e041ae5ac7d5010538ac348b753a6191af9f8b53c
core	components/typography/DzKbd.types.d.ts	1572	a1515340b276fa7fe9f93f8613597f0285b656e1b25ed7912b0c853772f1a777
core	components/typography/DzKbd.variants.d.ts	2579	49d81f756813b9bdb746160548a95c5ea5d01f669f160645a67efc984e60d1d0
core	components/typography/DzKbd.variants.js	1069	c54615bb360f08794ef0b2e9068d52b888fad8d2262d418c4ad04325fd3131ba
core	components/typography/DzKbd.vue.d.ts	949	2db7ec956ee81245276d4177141915e1492f3d7f530ee1913062309430db9351
core	components/typography/DzKbd.vue.js	5081	c7d13671de889fd13c9aa6f0ea8e3c0cee81dab60c788dcb3f24f5940ed1eff0
core	components/typography/DzKbd.vue2.js	59	904867796a8473bcaabf553b099acfd04c55aba039350e3d4c6d754ec3bfb48e
core	components/typography/DzRelativeTime.anatomy.d.ts	1415	7f9df539fcc9b86bbf7a0ed79af4d67a66b715fb1e84bd1c45adea424354bad7
core	components/typography/DzRelativeTime.tokens.d.ts	1002	74c6292ebe14494bc52623a1e217403386d4f0315a3b0e79e6a43405641beca1
core	components/typography/DzRelativeTime.tokens.js	473	53d503b31d0cf08dee61daeb8a254fe97c60fd3154ad0516b7571dac6db59fba
core	components/typography/DzRelativeTime.types.d.ts	2300	456f23fe36b36d9214fff4dfa40cc1af09cbf20938fb3364ace9940a14ad4460
core	components/typography/DzRelativeTime.variants.d.ts	1680	aed23167b8c6941b81e4ed408a3589f68c202b3787fd57dc7dfe9f1966cf1838
core	components/typography/DzRelativeTime.variants.js	655	b378c0036829a6a6310ff8423071557a35ec739a3ed61a8cc2f1bf66205ab23f
core	components/typography/DzRelativeTime.vue.d.ts	1237	292f25a7df481748b703fa970d176a653ff07da7a3fbc21a2d286897b7d6e7d2
core	components/typography/DzRelativeTime.vue.js	3249	32685aad7d7c4bad520212e0aeeff81a816c07c01fb6270ae0b8b22328362263
core	components/typography/DzRelativeTime.vue2.js	68	3e27e41d360aa35a839c406b7f97b2672a59aaa3a1a55cf9f1a6b39a0b181045
core	components/typography/DzText.anatomy.d.ts	1685	62d7e6a9e76e2378f1e377e2ca4f78de98aa216fce14b8569b46e1aafe59a14b
core	components/typography/DzText.tokens.d.ts	1319	6c45d49d51639952f2b63372faefd9476a9de175f504fedd438ce4a3a1858aa4
core	components/typography/DzText.tokens.js	782	9bdc39cba221e42992338b90eb926a3595986b2d95737b8bfaa711e01f9d43f6
core	components/typography/DzText.types.d.ts	1390	ae8d1e26fe527c7a959dc0ebffc5f604867c8d73374dcc9ccf5e68e5369f6559
core	components/typography/DzText.variants.d.ts	4400	3a682770e847c83c2ee7f655542b9efceadc0595631cde3e52a7ce5e2caddf14
core	components/typography/DzText.variants.js	1359	b3080b587dae022bcef7d779db50853a3485f328ec2f97ca9896451986f8bfe4
core	components/typography/DzText.vue.d.ts	1120	efb1caf1a1735fca92b6bca15983df238ac1435500d5ebaced9eba2a2d3f0c72
core	components/typography/DzText.vue.js	1281	3995aed81078b4d1d8d7a7a04bc016006c68b7e0717c038de8649feee4854e85
core	components/typography/DzText.vue2.js	60	2bebfd4c0888ca881de8567e27a35ce58678836c467b0988f35ced09fe8c870f
core	components/typography/DzVisuallyHidden.anatomy.d.ts	1408	d351a850c9f380b460e783ad1fa2c1fcad920ec7c3074b1adf84dd8b4565474f
core	components/typography/DzVisuallyHidden.tokens.d.ts	764	188c4fd34c0312314c03e2f85b884d18c5b9426e6ac7f705b92c40ecfbafdc4f
core	components/typography/DzVisuallyHidden.tokens.js	54	df6b96e0904d0773d447c2961fe8c23cfba938ef8a3e15eaa061a03f1c053fa1
core	components/typography/DzVisuallyHidden.types.d.ts	1184	d7d9f326f75f4687ef74273bf283de67899b4c46d18828e49eaef13a7d634282
core	components/typography/DzVisuallyHidden.variants.d.ts	924	21af534a0029686b6afe7bae4bc9331c6d01c97d4402d53e10bf425a4b31e29b
core	components/typography/DzVisuallyHidden.variants.js	790	3e98a3595869b1f8cea518af7051ecf7428fa9fd7c1bdfa719dbb9ba37da7e40
core	components/typography/DzVisuallyHidden.vue.d.ts	1225	9153fda971afe7d210110e0c18b7abf20864657ed7453db2bec85ac4858f89ef
core	components/typography/DzVisuallyHidden.vue.js	1114	9eb5f8bce5b084f5a4ee4df7f117fcc26328e5a97cb379d6e4e44a2f08cf9427
core	components/typography/DzVisuallyHidden.vue2.js	70	6e546abebbcc9fc9364124635abb5a8e1e4c0c700ad1815eda077426662a07ef
core	components/typography/index.d.ts	2330	60ffa15e093b14ddfc84d7e8409b3182a594cfd4ec25f7f3a31864b6b2a2ab3e
core	components/typography/index.js	1717	1995120e134143e3c065fdaa53b23bf3041683e283db31e4ecb808c0838073eb
core	composables/provider/index.d.ts	2443	c3506d87eaaa0baa5607840749380d4ae2a65bcc9b90a092b907fc65ed19ac32
core	composables/provider/useDzEnvironment.d.ts	3193	f5f61febf03a5147f119e6f9457c208a9efe0e6c15d9a3bfc9cfe6a4b87c13ca
core	composables/provider/useDzEnvironment.js	1346	3756bdf0212657d1383e3393eeff6ce72a5a935f6023ade4e177a9f7469bb6ae
core	composables/provider/useDzFormats.d.ts	2344	96f7af5831d0b447c4b8c6c5f0f0ef9a8c8ab6e22979962be14ea75d4ae79c76
core	composables/provider/useDzFormats.js	1101	95a3e66253fce7a45312d607ee379f651ba9b50d340ab2637877b1df83ddaf8a
core	composables/provider/useDzLocale.d.ts	1776	a84669a081599e079c8bc99a4283eaca8eddfd03f399927a3f041257cdfa4914
core	composables/provider/useDzLocale.js	671	fb29227268e59494f4b9fb2f42d7c1444dad3d72595783dd81ee69624cda234e
core	composables/provider/useDzMessages.d.ts	2201	daf8aeb53746f89b652822fcda18184c0996a5a2d81d806880fa1e7e89a7b891
core	composables/provider/useDzMessages.js	838	76d18ab96a276841571e42b815a87b686ec09a292c7bf5dd18413eee31005875
core	composables/provider/useDzMotion.d.ts	4816	a0fbe34a5713c82fe6ea7652220f27ae80778e9aa64a1b3a7c0b54c669aac5b5
core	composables/provider/useDzMotion.js	1271	84dbfb5b33b03a2789c8927557fbcb1603ed95778e84273743b11ea1075a1102
core	composables/provider/useDzSanitizer.d.ts	2907	cfbe49f441e90256b8dd76e004c73375f23b552dc3d467b07a8d61d321bc0977
core	composables/provider/useDzSanitizer.js	505	180ad8d6636f5d9b47c70086ab03b7620ad8b388a7c2eef3ae575ffe21f5f647
core	composables/useAffix/index.d.ts	201	7285713f41df6fa1d8b2881a489fc4fb14a1e1c8f6b2c68c6ecee8c37955f63f
core	composables/useAffix/useAffix.d.ts	1713	d360c7e37b70a73f3e7494492d11a3426a2435de949ff92da87fc30f5a6029dd
core	composables/useAffix/useAffix.js	2937	117749883091343560ceb6689a90431b90806acf7c490cce8ad8dafc6e681439
core	composables/useAsyncOptions/index.d.ts	301	bbd1653942f242dfa9de8df24f4b269191c806bb55a7ccb7e78c3a33c479d827
core	composables/useAsyncOptions/useAsyncOptions.d.ts	3570	802b1de4dbbfb8a5b51edc93123911f27222392bd75d1f38eff5a783184e34df
core	composables/useAsyncOptions/useAsyncOptions.js	1457	7aed793a9c2ae48b92aae6dbd7d01c5c0600bb2b99c796d091067777016cdf44
core	composables/useCalendar/index.d.ts	260	575424a099a0102565b5f6717377d1f2bfc9fd445c26cb632f24c14663a6de2b
core	composables/useCalendar/useCalendar.d.ts	2568	e9897ccc361eb568ab50b4c281b30dcdbb4927c5be9c4cfbdabb07759d677f63
core	composables/useCalendar/useCalendar.js	2165	2c66de255445e84d1c3e09d7d9f7ab34f34fe56e42acb9e993a0767903090f01
core	composables/useClickOutside/index.d.ts	227	9e2ebd97d0afe29049ff6969dbff9c66cd7b24086de38969eb03dad0b7bc92b4
core	composables/useClickOutside/useClickOutside.d.ts	668	8492a8e07e438b768017a76140c9f72e4e1e9c3137ccfd9708ef0755014291d7
core	composables/useClickOutside/useClickOutside.js	471	0470de45074da28356bf5412637bd7c9331572a13adb082c182ba95b3b2b58d9
core	composables/useClipboard/index.d.ts	229	8e66396d674e8ef538879f87d82b1339dfc11b6db43a469c38f2141e991592c9
core	composables/useClipboard/useClipboard.d.ts	1072	d6cf1ee6ea83a4b5f1fc6f92d8ac33dcc72d7b4f95c5459e2327ae7b9bc5c5fd
core	composables/useCollapse/index.d.ts	222	d7ca7490ea5de13d0f60bb211192b3946dc0c30258f2a7578c3d1349616b8dd6
core	composables/useCollapse/useCollapse.d.ts	910	ceb5c1959bc8fe5982067a0c1e7dd63c3c1c5b47ed6e92839461df0b5b88f731
core	composables/useCollapse/useCollapse.js	1198	ed9cd8244a9b64a5e6786149cbc207324386d45b4b93c6b2717eb0e14d35e113
core	composables/useCountdown/index.d.ts	300	74c74c5061e17c927f68d5c800e174d2faf98d7401860d4a94fe4671802cd00d
core	composables/useCountdown/useCountdown.d.ts	3655	185f0a30197191c23f183dc3e38467cb4a5e47dfb0aab97437513078fd9bd911
core	composables/useCountdown/useCountdown.js	2746	04146758d0e3be4520f9d77d7a75858b65ee7ba7fa2bbaae62e0ebc1377ddee1
core	composables/useDataGrid/index.d.ts	456	0563b453290a98266b4a12e310191f3728f720469c928315b39d7f9a6c0bf443
core	composables/useDataGrid/useDataGrid.d.ts	3891	e0f858f1cd156a2ae39be27cbc8cc65c69bb6efc278c7f1c46ea7ed3c62c56f1
core	composables/useDataGrid/useDataGrid.js	2638	3327924a681ae7fee88d876073bd29bd3577d61166dd1ed1e36f07cb1ec58739
core	composables/useDataGrid/useDataGridPagination.d.ts	2048	4e5260ea78f02e01bab3e4bcdf2974269387f6e146481523d32e0f0fb72c81d9
core	composables/useDataGrid/useDataGridPagination.js	1113	8c9b32b3c1dfaea9cc4fb658929c8de169835f3398dfa88b458ff0c242bdfd18
core	composables/useDataGrid/useDataGridSort.d.ts	2651	974f4bfb7e108f705d8bf2ae3e108623a27c4c387e30cb6af06b78600412c16e
core	composables/useDataGrid/useDataGridSort.js	2767	ce1d92909ef29254610062b71477bf47b7ae04374e1aec90fcb816008d52f62d
core	composables/useDataGridHeader/index.d.ts	240	17ee846cc0d78e0400a2efa4aee2ec5098a4a0f1f17a9ea82118175cd5af02c0
core	composables/useDataGridHeader/useDataGridHeader.d.ts	2673	87267288eb92217de2da0584e0f2024590a549851e70955cb5a11c42c9069c5b
core	composables/useDataGridHeader/useDataGridHeader.js	1941	ef80b01591206ff510f7b048e8d9c1a3f939cba96a4f99ef739eb6c8adf4aaa4
core	composables/useDatePicker/index.d.ts	216	690d48826e3379f2b420dee03e6872de1cc8c05db4fcc6a0271725aba3b0bb3b
core	composables/useDatePicker/useDatePicker.d.ts	1469	11a96bd63a2655640600b33a44d15bd488a12d91f239e617b9e5950ca5d538a6
core	composables/useDatePicker/useDatePicker.js	815	777f8cb85eb968cf1802d1ae0c99976fb46208842cac7eab08583e47740f17b3
core	composables/useDialog/index.d.ts	208	3d2ac62bebfe9fc1c29c3428ef183599ed323be82b32b2467eefb2fe0a2738db
core	composables/useDialog/useDialog.d.ts	1679	e24ebad05ba7dce61bda964b1f423b223e93fabad2850725270938b8efe74eba
core	composables/useDialog/useDialog.js	3540	51328c6439b23ef9bf598aaabdb9e72a6089fc257fc5400a50af1178e238fd82
core	composables/useDualModel/index.d.ts	158	1d55f3e741dc428d49787acdd226c328ae0f5d3960a2adf75f5d66c49bb86f3d
core	composables/useDualModel/useDualModel.d.ts	1069	79e394065137e2aa9e57a239ad07c387a1dc7400240efba7655f51e22ffb0f1f
core	composables/useDualModel/useDualModel.js	237	63cdd5519d75a82ab446a4826b4dcf177954a4bc851331e348aa32ee019f05ef
core	composables/useEscapeKey/index.d.ts	147	1fd92d7958327b1c38fe1fa975f2b4217f42c52baeb6a1f866aaee3d2eb15eed
core	composables/useEscapeKey/useEscapeKey.d.ts	352	8f0ec2c2a767a2462a1c9ff6fda9abb0919393c2f169d2a6b5ba192ad063fbb1
core	composables/useEscapeKey/useEscapeKey.js	336	07f3899ad9b25a17cf2cc01c3ec82dbef226a2357fa6f4cfc697df10f3f52232
core	composables/useFloating/index.d.ts	242	d7868021ca97745b0586601fd1d72050a9f8745a59990bc02b27780c3f3a37f5
core	composables/useFloating/useFloating.d.ts	1789	9cdbba3a3380701126fe82720c3dee7c329d13e9e1d8a44185edc116555d32d7
core	composables/useFloating/useFloating.js	898	f3323a5bcea810c3fb068ee66f1340d469ea450c7577afbfcdf1478d9b9552e7
core	composables/useFocusTrap/index.d.ts	208	e41839c750499bda56dc8e8c2dcec179a57ea121b94beba181abc19c6183cce8
core	composables/useFocusTrap/useFocusTrap.d.ts	661	913112018081d322b0d6b6f8e1bf801e7f7215daa0cefad79466618edc4cbbce
core	composables/useFocusTrap/useFocusTrap.js	1356	86d8a3238fdca5b1ef43d4f6a14352bc557d0e16d53348f5b46388ba20eb168a
core	composables/useFormField/index.d.ts	250	aea93e41bf18b2956d885a335a3f26f06a4eebb259796929f325e5a98a2fdcd2
core	composables/useFormField/useFormField.d.ts	3247	00fe2f900b6e32c0773c4f2c28e5483d6253ad2b125bccc2b172b2326ec25239
core	composables/useFormField/useFormField.js	1326	9be39ccb9b444143e5f7602195897a5f98122f408c8e24f657778ee75b0b5771
core	composables/useInfiniteScroll/index.d.ts	290	5940c3b838f2314ff9b9e0c94e0d05cf020b285f59f9f5c164c340c26bd3000b
core	composables/useInfiniteScroll/useInfiniteScroll.d.ts	1987	db122ea9ed2bc61de47acdbc3368214d1b0811f37b3a8ad829ec17881d6db265
core	composables/useInfiniteScroll/useInfiniteScroll.js	1511	271bc534619164902bd14f065a585a57f61cf110dbb6f922c3a2de04ec410197
core	composables/useIntersection/index.d.ts	251	cf7832f19be7334bd4b51bf53eb8a8c9c6d3fe2e5bd00b9255b81a9dac2c582a
core	composables/useIntersection/useIntersection.d.ts	1557	004832dbe623b619c0ed755078dce443e0d80bc08d27d3267b1701e8dc717603
core	composables/useIntersection/useIntersection.js	1218	1c89473cb92e99e7ec9b69a51224384159a965cb32ecf9efda438d3bcafde4b4
core	composables/useRelativeTime/index.d.ts	380	02bfe0bfd947a0c3bfdb88e5f1a1a71bdbe62bc87b2a8b09bf0ca951d24e46ac
core	composables/useRelativeTime/useRelativeTime.d.ts	4484	8144a6d8543de402a4349d692e9009588979334729c7f4e8d5074e1d4eebbdc0
core	composables/useRelativeTime/useRelativeTime.js	2564	c44067d1bfc8ce09e0b97016e39d29421f809f744c0c2b32e5abaacc523b254d
core	composables/useRevealAndFocus/index.d.ts	626	fcb8250fd50c75c0ab010ff3b6a783396c5d2813609368cd89b3e91c6ef06c1f
core	composables/useRevealAndFocus/useRevealAndFocus.d.ts	1832	f0a4a60b9852acab44bacc851cb9dc05437bf3c8286eeeccbb647e7136ecd00f
core	composables/useRevealAndFocus/useRevealAndFocus.js	778	27a9a6cc7c845a29922b08eced4b109de5118802c96797a4ec9c60763039026d
core	composables/useScrollProgress/index.d.ts	287	57f844c869e352c5333263e99a873653ef074ca8a34ce7bb8df537d161e3a2d0
core	composables/useScrollProgress/useScrollProgress.d.ts	1123	b62150b4f1c9dc8a831b71600bf753ec80a4ed9165362a873a3a2752d53852e6
core	composables/useScrollProgress/useScrollProgress.js	1683	f97e7ce18df0da4e37b696bc79cb330d774587a4650a0847c7fffb5d6b6cf0e4
core	composables/useScrollSpy/index.d.ts	229	ad7720a672ead8e9070baab3844c70e0e092a9ea521c0857417202deacef8626
core	composables/useScrollSpy/useScrollSpy.d.ts	1232	9b18a88ff318f6c0f914fb627e69358030869782bb14b421c39348ee2545d2a7
core	composables/useScrollSpy/useScrollSpy.js	1289	444f583ab76b6317ad3fae038aa191d936c0349da43111e9889ed4c21df6e23d
core	composables/useScrollToTop/index.d.ts	243	a183e1ecc706bc0af16a8cb7369bf3b42ca52ff5c20e97350f168d682328b8c3
core	composables/useScrollToTop/useScrollToTop.d.ts	1153	ac826c769f91ac632addda68d1eef8250755abf5cdacc2fc29f2e9b872bce188
core	composables/useScrollToTop/useScrollToTop.js	1721	003528e5d987db2fc988139e6640e035fa7ca4fad716e73d26a1033188c8b8b4
core	composables/useSelect/index.d.ts	314	e08e7b9c649939b3753dbea1753adedb2506ff0d7eefe7f236c02ddeb6048a2b
core	composables/useSelect/useSelect.d.ts	2369	4ace650e848f319a9d5a85c33eac26bbb8fc52cc49c4b13a05b45e1ac9cb0511
core	composables/useSelect/useSelect.js	2094	b3e39e0bb25fe33ad7eec490c2b35565b6f3ff41460b702a4815b61cb5acc9c0
core	composables/useSelect/useSelectKeyboard.d.ts	1761	0fbc2fb5f04f3f6e80553c57dd5b18abe00e040c74118061c6e75fd08f46219d
core	composables/useSelect/useSelectKeyboard.js	1236	3f806530710f3d4a68b4b614559b72f4888024b6d3199a9807ed52c827141999
core	composables/useSidebar/index.d.ts	215	df8024b12237e23c3ccd56e5b520ccbe38920aac4e761bcbb6adc067952addaf
core	composables/useSidebar/useSidebar.d.ts	2340	f538e359e594aff063e4954651776960cf7b492aab3822bffeaed70e350b3205
core	composables/useSidebar/useSidebar.js	2030	fb280ef9264ff513ae2df43c305d90783a7486b805a0246b422b29176fc3f4db
core	composables/useTabs/index.d.ts	215	a1a08eca187347479a8d32b585022ead35eaea89c8f9ab9f7e15b35b56efdc4c
core	composables/useTabs/useTabs.d.ts	1942	bd92bc4880631faecbe556a51a871638803b266005fd1d04f450073ee247f9c3
core	composables/useTabs/useTabs.js	1850	3dbf32c0e469696f56f5e3d6da9d6160d79ba360eeb01cea4ce08a78cbcd6d68
core	composables/useTheme/index.d.ts	352	a8d0d7824d65bf54aa5805a1bf763601775d3e1ab02b40b881702c1573832c29
core	composables/useTheme/useTheme.d.ts	555	c43448f538f44ac42233b9b94cc3d403d36a6590ba7872338ef1a190af161544
core	composables/useToast/index.d.ts	183	85d503603594438f811d011caf28fd92e9426e32cddb506348e4f73f28acc29b
core	composables/useToast/useToast.d.ts	849	65939b061dfa99ccbae6a18562d6fb6d66210e96070021e87da0e1813fcf401e
core	composables/useToast/useToast.js	358	d879a6d90c21492562721acfb628443bf1569b91ea77020e2e875819e9c128c3
core	composables/useTransfer/index.d.ts	170	9ef836dfb4df4845ff9febae65d12b519de8c237511cc013ad387e588dca872b
core	composables/useTransfer/useTransfer.d.ts	1768	31eb29be4419138b137dd8973bd98bd88e9bb26e8e078b3b6a0ef246c26a823c
core	composables/useTransfer/useTransfer.js	1563	2c2de6923eac002218be74212f25a18932eb14e54661f3e5b70509d4f641382a
core	core.css	19865	145f2630998cc33d7d9347b29a4115039f3e41482d99a18a704f7ee16070530f
core	generated/component-ownership.d.ts	1588	22b13c37d1ae8249f564b4cf9528e734b910fcb2e94e03ef86eec23dd0dc0479
core	generated/component-ownership.js	14320	20dad661c8b01b309904192907a6b504b7c4e2cb1528930a13c2dbb9fae5814a
core	i18n/direction.d.ts	187	611ef06b80bf280a5c10818bf8a2eddc19392ef76c138baa2e630b3f10d4650f
core	i18n/direction.js	546	da792e21e4149ff9d230817649705e63d57ad1bd9a013b3dcfd696cec105f629
core	i18n/index.d.ts	1722	ad58448a01c3ccdf0a070255c2268c82e8fc190ab5f6abb47688a62c2bab28ce
core	i18n/index.js	105	e6ff9333c8a8e4de27f466a518118b7353c79c040aa90e66b6d9984f20f3afa0
core	i18n/intl-cache.d.ts	2739	4eba82495a51319905f3a40dfd2c6f1280474248aaccdfdcbc65d8e61593725b
core	i18n/intl-cache.js	884	dd932e8bf7029b2b7e8773377a278e359d81ed53fc9b107b8df28cb95e4add92
core	i18n/locales/en.json	5676	743ee4929f3c7a0fd5bc25245608a74bccde7212b0828ff4a911976212c437e1
core	i18n/message-format.d.ts	2704	1a6550a086053ccc3c17244d8fc2149076b8e0698907eeb5afab8e32dedda126
core	i18n/message-format.js	5818	b508fc1662eed9678c51130cb84f3e09c1f08685b549f8a0abebf46787860e06
core	i18n/messages.d.ts	14365	f23d099648d0213f4e31bd07bff50788f07132dcacd5d39a71cfbedd0849639d
core	i18n/messages.js	5457	6d97dd46245826f72ad71c79bdb914fc3426373a9dc367196c33999af087ca6f
core	i18n/pseudo.d.ts	1322	17fbd270896e311a4a4018727e9c15e71922d4abaff7979f0ab12efd0fcaff8a
core	i18n/useComponentMessages.d.ts	2265	66aeb1b88eb2dfe8278fc12d965f7cbc5a84ba4e1d50654a52154d876b7dc1e4
core	i18n/useComponentMessages.js	1001	79169652e0d3f50fca051bbe242ff5b34f8212a0ef8763ea63eead875ceea4cd
core	i18n/useDzMessageFormat.d.ts	2056	34c807784b305992bbd3697ceac5453f2398577470f92ed3332ab686a8a90c13
core	i18n/useDzMessageFormat.js	492	ba6bd187d35604e5546fddba3406de11357e988bfd8f012792343aa267948651
core	index.d.ts	1891	d9e8bcd10778f7906a1a90f3614a4297320bff0e0ea2c99062cb733165133d3b
core	index.js	42929	d4fd6d8df70eb42e30d60a7b628123bf1f03e3051fd17fba4fcb0faa19ba1f66
core	providers/DzProvider.anatomy.d.ts	3107	9eff7f165b3194d80cf9f98186bea3f2013357855cbef537a286565afbc3e0d1
core	providers/DzProvider.types.d.ts	6025	fe3dd11bce22e857f95934ecbc94410788446e4d3ab646e580285a384668012c
core	providers/DzProvider.types.js	96	05b15addeba5b3ef61485e344be3bbaa9a643fb56ee68226a6523ad7546b3529
core	providers/DzProvider.vue.d.ts	832	64f5e31d7f9cc42946ba5605d98bb70aadf2518072330b4db9de0d1d2399605b
core	providers/DzProvider.vue.js	5626	b73d0203444ff4d79cbb174acf16e6a9dfd6689d1a74bf7a9d719487cc1c0363
core	providers/DzProvider.vue2.js	64	4c344484e57b608bb77c62b2c8eb6956ba6c1408b44fd4c953e319c54d0a0e58
core	providers/DzThemeProvider.anatomy.d.ts	1670	233ba94b2d1018e9544152d211a58c66c26ccb4eb9aee030a6a6976aaf06d2c1
core	providers/DzThemeProvider.types.d.ts	2218	9ca6a234feb510a9af922dc4d48b9aed9da9c005acfd0acfc64f2c5089008593
core	providers/DzThemeProvider.types.js	78	e002b290d1e6f3c1b1a1f89a2429d6c62d3a51b6729feacb0f137b1288381fc6
core	providers/DzThemeProvider.vue.d.ts	1249	05c150b18e0bbb2deea88cf525d9a1dea6a27f9a7731b9f62f3ddc11d6ab56a9
core	providers/DzThemeProvider.vue.js	819	0ea2cf27fe5655e25abb818a03d0c5d0027c720cfd5cd2cfbbb6bbd94bac21b9
core	providers/DzThemeProvider.vue2.js	69	ee540f72132c3cf5769ca9f21ec0cf4deadc1021576c7a0dbe1400d91e72b4ea
core	providers/index.d.ts	1159	89c028ef91c927095c76560612c135b75c72caa9d2029c2b7b685edc5fc0e0c5
core	providers/index.js	430	f6f95dfbea6170279d0e0651ff449d6493cec14c0a4b253a4e21b0c94451845f
core	providers/theme-script.d.ts	2067	4cfd17f2c35fe2c6430ba6997a07ce59e182d3f84c2a04b45d58e8790944835d
core	providers/theme-script.js	850	ff28c93f6f8eab91f48286ebd8ac4bb1d3d83fe4558edbb0605353491b9c0356
core	providers/useTheme.d.ts	1226	810b78ddec122f6b5045ae4e5e10a9932d5aadfd8e195562e85c71b3bf609a02
core	providers/useTheme.js	543	c7311477c55e47e0d9360ee47821625ef4b3ead8b845208ee7051367adc52f5e
core	resolver.d.ts	2729	4b833c558469b5026d321d97b624b70c8d81601d32b864693285c92074fdbe5d
core	resolver.js	910	11a32cb24f1851c1629a65ca349878afc47353b2b9b31c9948099a6a78cc611c
core	security/sanitize.d.ts	4659	2713bbaa9435fd4ded4eac2384c0c39549774c4d418af7f5b53108b3980333eb
core	security/sanitize.js	4117	cd4b4c030808d08b171b24b1e7a5db1bbedf321a15a66f2dff0dc47377debca4
core	utilities/cn.d.ts	258	5d73cf68d54140b37b21a7990865c6222a4a320f21547f459a44d0c49aa91a48
core	utilities/cn.js	142	75ec7c7b659334dc42fb81cf09f75171c6c548d70a28d7af6cf882dc7a65939d
core	utilities/index.d.ts	94	22d77047b54cc88d0418d3473e48dcf0028451868bbc2c65955fab76c30fe9fe
core	utilities/warnRemovedProp.d.ts	2647	c8d2dcd367d544fee11899b14aa6622e80e573e6e2cbb161db36776f0515573f
mcp	index.d.ts	2445	e68fd96f59f76f3ea1855b2af11c7b6f6238173ef91aab903cb11cb46e83483e
mcp	index.d.ts.map	430	17ab44e026ffebda0c41e52816cf7a3354e8f2c9bce6647db5ff520e05b65590
mcp	index.js	16108	cffb623d4bc479b29330f6c50297fe9a6f567d487ac40b41c5658b6777882cc8
mcp	index.js.map	7513	e2b92666a44d0d582b4dcde047716b57eb5031c099257234c6f9de40419e1176
mcp	registry.d.ts	12105	d72d26a7467a040d8dfe0b29d459219fea3a3b0f2b18b35a0e0110069505a1d0
mcp	registry.d.ts.map	5540	5348ad7f5c0f75bd28a09085b9ef169375f7b615d629207b45678b62d2658bf0
mcp	registry.js	15173	96c71bb1493f98073eb5c1d74e2d53b87f14710f10c01c0baf85522731ba2758
mcp	registry.js.map	7442	e5a22a4eb803db8a2e12b59d1edda8b08b42b604e563dabf39207a02deab522b
mcp	tools.d.ts	3421	baf3f7c4e6d496ef308795d95f48072efb58acb56c78d29477bc9cf47d04977a
mcp	tools.d.ts.map	2218	4cf0b91a83d901dbf691e255c663baf6e64747ea2bf681e958c591c6b2ef0ed9
mcp	tools.js	24681	eedf02b4ba927481b533839ab5acc542e6318672a228c7cf46b2ca79e8c8065c
mcp	tools.js.map	22470	3e17983ece3fdaa7950616012347787ff51339f6f6bac4d8d0debb9ebd0d4f38
nuxt	module.d.ts	4201	4fe5d6c706d9f274f2f680d18a05f01081ff1ff689ae06084ab8bf99dc87e3d4
nuxt	module.js	8557	54f90662dbaae2685f60cd4acf04e350b4179037276d4a4d9dcd9062b34db2f8
nuxt	module.js.map	3925	d0eb2d1e192e433acf263718f8feac64b6f7af95b1eb995601f785de6257ffe1
testing	anatomy.d.ts	3312	dc4a02c921b417d206c197a7518c34f0d13332c1bbe3eafbfc5a4b6c0dc55eaa
testing	anatomy.js	9334	f3cea7a488ae16416accb3408c027d85f57ee88424117179befb88a8e8ba1935
testing	anatomy.js.map	4830	1b1ad0bbf00d7f304289814b42643daf40c5d0ddb69c362e88092c3bc6034503
testing	composition.d.ts	11640	0d04343fb37af40f9dfdec3e8d6d3c2557dff0747128ceb16bcd4c652cfac9ad
testing	composition.js	21488	d67cc85d164d20c3af520295d28865bec7c65998c0067202f7174f298accf43f
testing	composition.js.map	12445	098d8a7fcdb237c0e23954744ad8513f4fb3b40b8a380771f1c60defac2536df
testing	index.d.ts	3656	185dc842a8d17d5d5e29672773805d03d4637ec1012da191ce1ddd81ac224007
testing	index.js	3245	99075d81a53563b9125c3169cc25bf4cec524f3906337ef8646b37c7cfacb61e
testing	index.js.map	2717	92d165797787dd27f49173234d1b8515fe0328916fda85a9fd7ea6521769b9f8
testing	keyboard.d.ts	4353	0c056da234350cfd0f26847d920995ca8196936e603865e9e1cbcfc75d412461
testing	keyboard.js	6780	0514f822ef8c574dddcd1039492b846bb18b5de3d3fb5995fe876ab05152e9fc
testing	keyboard.js.map	3580	f21448862531f9ccb302d9ea7fb0273a3b7fdc4a0d84201c8b3c7e9f72ef81d6
testing	rtl.d.ts	4010	089be9ab11204519556a22ff14e78fce73403c20a9cab13641485db41cfa0da3
testing	rtl.js	5661	8fdc54338d492d18d10d94bb47d86829704c0fdffe8c1887d9b41b95c588f8e6
testing	rtl.js.map	2621	b425dd56917fbd5b1a5115fdd2d8623f4653958c1c9420a6b68593b535044847
testing	security-corpus.d.ts	21347	590b629701ab9b0c38d69b066e4e1122f14902527529dc0024cd198bb39f3f44
testing	security-corpus.js	25442	172ace3ee93b5a4ae86c835a9abb5958d1c74a1778eeb224531a9d73c2d4b3ad
testing	security-corpus.js.map	15507	6bd71365418c39e01cb3806bb8d46b6ae18b63bb3a27b3f686d1378dcee9a12a
testing	vitest.d.ts	11	8e609bb71c20b858c77f0e9f90bb1319db8477b13f9f965f1a1e18524bf50881
testing	vitest.js	131	039962da656032039f4bf44eea946ec89c8b84ee2e78ca3b0b7b9c8b23276521
testing	vitest.js.map	168	336179a3f9c99fcb4aaa9460d4bd804d40252bf4d39b2d8197375776d23b782d
tokens	index.d.ts	696	11ccb512212e553155b2c108b49791b7f610269ce5ff1c80f09c69cef8912f20
tokens	index.js	56620	4b819117709bf82339cd2376d085274f75bda6b38c3fa86932f632c9127d9b2c
tokens	tailwind-theme.d.ts	342	700e7295a475a1d7389152c09d58a5cb232716eba84a18c9e42c3bed40d706c5
tokens	tailwind-theme.js	16654	ad4665d158260e0a38cc17c56a77d8d62413b62ed3dce87fe2aaa37294151b07
tokens	theme-script.d.ts	696	11ccb512212e553155b2c108b49791b7f610269ce5ff1c80f09c69cef8912f20
tokens	tokens.css	50380	72056e8ae1a8d5144384b343ee0a857365062e391610e957fbf13008591bd235
tokens	tokens.d.ts	19242	ded03b8a7538d75109dfe7df6d26e5f2f3315d406ece58bb972fc74cca3a6828
tokens	tokens.dtcg.json	292239	e559034943233d2b764d24564ccfe36d9279e21d4823c08dbf45590c23d73347
tokens	tokens.high-contrast.css	10128	9fe610a87f98e3693533f8561fae5805c102c45b8095822f61ca68aa4e7ef552
tokens	utils/index.d.ts	95	4d8652c4bae4815322adfe85176149c925763bca59f81e5b7702585ca47d1c84
tokens	utils/index.js	135	ced0dcfbd10ccbc1eb8c0c734f5879d11ec1f58e3a8a723c7cf26e38ebd1e7d9
tokens	utils/theme-script.d.ts	1209	f32e8aa90d56a6959ead9d71afcda01d1c41f672edae45e28f77655a595d32a2
tokens	utils/theme-script.js	378	b8ee12a5a8fbe3dcd05eb3bb0389651ccbfacdfe41d4e37d7dcee00b03e659dd
